policy,step,drone,target_id,target_type,target_life,target_score,estimated_distance,goal_x,goal_y,active
random,0,0,0,2,1,2,32.873730189909914,30.661234302170076,36.127783930304254,True
random,0,1,2,3,1,1,32.03696007702062,35.13681253696211,36.595186494011784,True
random,0,2,2,3,1,1,32.639455073347904,35.13681253696211,36.595186494011784,True
random,0,3,2,3,1,1,32.91845765271115,35.13681253696211,36.595186494011784,True
random,0,4,2,3,1,1,31.759959419376955,35.13681253696211,36.595186494011784,True
random,0,5,2,3,1,1,32.40215701067018,35.13681253696211,36.595186494011784,True
random,1,0,3,1,2,5,15.080150940913521,45.82098855522154,22.869735505403984,True
random,1,1,1,2,1,2,38.54050323855333,24.86638483456062,38.91167232272266,True
random,1,2,3,1,2,5,16.317398875337332,45.82098855522154,22.869735505403984,True
random,1,3,1,2,1,2,39.40178336346949,24.86638483456062,38.91167232272266,True
random,1,4,4,1,2,5,25.362991819781215,40.503734595752135,32.08963377962587,True
random,1,5,4,1,2,5,26.040598865303405,40.503734595752135,32.08963377962587,True
random,2,0,0,2,1,2,32.050021769693885,30.65435313778877,36.1434511625805,True
random,2,1,1,2,1,2,38.10499017239344,24.86410518411661,38.92096214188197,True
random,2,2,3,1,2,5,15.879807822600851,45.818810204744345,22.87647199526699,True
random,2,3,0,2,1,2,33.55127500472632,30.65435313778877,36.1434511625805,True
random,2,4,2,3,1,1,30.87642297774879,35.136420794771425,36.596615825362065,True
random,2,5,4,1,2,5,25.60275156215278,40.50137110869896,32.09584833430879,True
random,3,0,0,2,1,2,31.6140896848402,30.65091255559812,36.15128477871862,True
random,3,1,1,2,1,2,37.66947741575821,24.8618255336726,38.930251961041286,True
random,3,2,3,1,2,5,15.4422169714129,45.81663185426715,22.883208485129995,True
random,3,3,3,1,2,5,15.717074132165074,45.81663185426715,22.883208485129995,True
random,3,4,4,1,2,5,24.491313909722024,40.49900762164579,32.10206288899171,True
random,3,5,4,1,2,5,25.164904285966152,40.49900762164579,32.10206288899171,True
random,4,0,0,2,1,2,31.178157623646023,30.647471973407466,36.15911839485674,True
random,4,1,1,2,1,2,37.23396497209919,24.85954588322859,38.9395417802006,True
random,4,2,2,3,1,1,30.931277782940683,35.13602905258074,36.598045156712345,True
random,4,3,2,3,1,1,31.181063821635764,35.13602905258074,36.598045156712345,True
random,4,4,2,3,1,1,29.99314129238694,35.13602905258074,36.598045156712345,True
random,4,5,2,3,1,1,30.639098398383226,35.13602905258074,36.598045156712345,True
random,5,0,4,1,2,5,23.313518093429966,40.49428064753944,32.11449199835755,True
random,5,1,3,1,2,5,14.184004973583697,45.81227515331276,22.896681464856005,True
random,5,2,4,1,2,5,24.54639759917159,40.49428064753944,32.11449199835755,True
random,5,3,3,1,2,5,14.86542753199083,45.81227515331276,22.896681464856005,True
random,5,4,4,1,2,5,23.61989994620474,40.49428064753944,32.11449199835755,True
random,5,5,3,1,2,5,14.40517506070981,45.81227515331276,22.896681464856005,True
random,6,0,1,2,1,2,35.796381815908276,24.854986582340572,38.95812141851923,True
random,6,1,2,3,1,1,29.45271571041121,35.13563731039005,36.599474488062626,True
random,6,2,0,2,1,2,31.640876040914126,30.64059080902616,36.174785627132984,True
random,6,3,0,2,1,2,31.90427720874991,30.64059080902616,36.174785627132984,True
random,6,4,0,2,1,2,30.70994124684449,30.64059080902616,36.174785627132984,True
random,6,5,0,2,1,2,31.350831396273787,30.64059080902616,36.174785627132984,True
random,7,0,3,1,2,5,12.714312694390305,45.80791845235837,22.910154444582016,True
random,7,1,4,1,2,5,23.14274585311229,40.48955367343309,32.12692110772339,True
random,7,2,3,1,2,5,13.776079939356253,45.80791845235837,22.910154444582016,True
random,7,3,3,1,2,5,14.040305396177242,45.80791845235837,22.910154444582016,True
random,7,4,3,1,2,5,12.907993783481636,45.80791845235837,22.910154444582016,True
random,7,5,3,1,2,5,13.584271511926348,45.80791845235837,22.910154444582016,True
random,8,0,4,1,2,5,22.048612406812573,40.48719018637992,32.13313566240631,True
random,8,1,1,2,1,2,35.6185343716507,24.850427281452554,38.976701056837854,True
random,8,2,4,1,2,5,23.260117050455275,40.48719018637992,32.13313566240631,True
random,8,3,2,3,1,1,29.46209291172257,35.135245568199366,36.600903819412906,True
random,8,4,1,2,1,2,35.41814980135857,24.850427281452554,38.976701056837854,True
random,8,5,1,2,1,2,36.02735365417577,24.850427281452554,38.976701056837854,True
random,9,0,4,1,2,5,21.610754272687174,40.484826699326746,32.13935021708923,True
random,9,1,3,1,2,5,12.567354824623774,45.80356175140398,22.923627424308027,True
random,9,2,0,2,1,2,30.404490491051767,30.630269062454204,36.19828647554735,True
random,9,3,0,2,1,2,30.653119384721006,30.630269062454204,36.19828647554735,True
random,9,4,0,2,1,2,29.464773402034766,30.630269062454204,36.19828647554735,True
random,9,5,0,2,1,2,30.102113996055294,30.630269062454204,36.19828647554735,True
random,10,0,2,3,1,1,27.04563193674827,35.13485382600868,36.60233315076319,True
random,10,1,3,1,2,5,12.129556585555427,45.80138340092679,22.930363914171032,True
random,10,2,3,1,2,5,12.532772364063401,45.80138340092679,22.930363914171032,True
random,10,3,1,2,1,2,35.72232048072964,24.845867980564535,38.99528069515648,True
random,10,4,3,1,2,5,11.751377187703465,45.80138340092679,22.930363914171032,True
random,10,5,3,1,2,5,12.418772563585234,45.80138340092679,22.930363914171032,True
random,11,0,4,1,2,5,20.740572161463493,40.4800997252204,32.15177932645507,True
random,11,1,3,1,2,5,11.691758846359605,45.799205050449594,22.937100404034037,True
random,11,2,0,2,1,2,29.594082122058218,30.6233878980729,36.21395370782359,True
random,11,3,4,1,2,5,22.27437898213288,40.4800997252204,32.15177932645507,True
random,11,4,3,1,2,5,11.31358070248969,45.799205050449594,22.937100404034037,True
random,11,5,0,2,1,2,29.29692097259388,30.6233878980729,36.21395370782359,True
random,12,0,1,2,1,2,33.400837661776585,24.841308679676516,39.01386033347511,True
random,12,1,2,3,1,1,26.92414912033028,35.13446208381799,36.60376248211347,True
random,12,2,1,2,1,2,34.70507584027467,24.841308679676516,39.01386033347511,True
random,12,3,2,3,1,1,27.71015584212182,35.13446208381799,36.60376248211347,True
random,12,4,2,3,1,1,26.58299138486417,35.13446208381799,36.60376248211347,True
random,12,5,1,2,1,2,34.382382397774215,24.841308679676516,39.01386033347511,True
random,13,0,4,1,2,5,19.904984561356574,40.47537275111405,32.16420843582091,True
random,13,1,0,2,1,2,28.183279812452493,30.616506733691594,36.229620940099835,True
random,13,2,4,1,2,5,21.15731778292449,40.47537275111405,32.16420843582091,True
random,13,3,4,1,2,5,21.4038498911674,40.47537275111405,32.16420843582091,True
random,13,4,0,2,1,2,27.870928442037748,30.616506733691594,36.229620940099835,True
random,13,5,3,1,2,5,11.278352046568903,45.794848349495204,22.950573383760048,True
random,14,0,2,3,1,1,25.29819113333216,35.13407034162731,36.60519181346375,True
random,14,1,1,2,1,2,33.31119644284292,24.836749378788497,39.032439971793735,True
random,14,2,1,2,1,2,33.870898734533355,24.836749378788497,39.032439971793735,True
random,14,3,1,2,1,2,34.065736038600306,24.836749378788497,39.032439971793735,True
random,14,4,0,2,1,2,27.434959358354543,30.61306615150094,36.23745455623796,True
random,14,5,1,2,1,2,33.618936797069566,24.836749378788497,39.032439971793735,True
random,15,0,3,1,2,5,9.501405886820384,45.790491648540815,22.96404636348606,True
random,15,1,1,2,1,2,32.87553187294958,24.834469728344487,39.04172979095305,True
random,15,2,4,1,2,5,20.31995425370879,40.470645777007704,32.17663754518675,True
random,15,3,3,1,2,5,10.884803482369572,45.790491648540815,22.96404636348606,True
random,15,4,4,1,2,5,19.410196582252002,40.470645777007704,32.17663754518675,True
random,15,5,4,1,2,5,20.13679659194145,40.470645777007704,32.17663754518675,True
random,16,0,0,2,1,2,26.236479026676736,30.606184987119637,36.2531217885142,True
random,16,1,2,3,1,1,25.185968900053137,35.13367859943662,36.60662114481403,True
random,16,2,0,2,1,2,27.46257985445083,30.606184987119637,36.2531217885142,True
random,16,3,3,1,2,5,10.446913821324246,45.78831329806362,22.970782853349064,True
random,16,4,0,2,1,2,26.587235598295422,30.606184987119637,36.2531217885142,True
random,16,5,0,2,1,2,27.224608752328887,30.606184987119637,36.2531217885142,True
random,17,0,3,1,2,5,8.734501489205444,45.786134947586426,22.97751934321207,True
random,17,1,4,1,2,5,18.962070485165796,40.465918802901356,32.18906665455259,True
random,17,2,3,1,2,5,9.86285438903008,45.786134947586426,22.97751934321207,True
random,17,3,3,1,2,5,10.009024860448033,45.786134947586426,22.97751934321207,True
random,17,4,4,1,2,5,18.559639145626374,40.465918802901356,32.18906665455259,True
random,17,5,3,1,2,5,9.757619768018753,45.786134947586426,22.97751934321207,True
random,18,0,1,2,1,2,31.13286085814573,24.82763077701246,39.06959924843099,True
random,18,1,1,2,1,2,31.629827437572683,24.82763077701246,39.06959924843099,True
random,18,2,2,3,1,1,24.9036036577358,35.133286857245935,36.60805047616431,True
random,18,3,1,2,1,2,32.6627606891911,24.82763077701246,39.06959924843099,True
random,18,4,0,2,1,2,25.74145443633779,30.59930382273833,36.26878902079044,True
random,18,5,1,2,1,2,32.05301091027957,24.82763077701246,39.06959924843099,True
random,19,0,4,1,2,5,17.41853512031544,40.46119182879501,32.20149576391843,True
random,19,1,4,1,2,5,18.132857756387235,40.46119182879501,32.20149576391843,True
random,19,2,4,1,2,5,18.623253969971948,40.46119182879501,32.20149576391843,True
random,19,3,3,1,2,5,9.255107730007499,45.78177824663204,22.99099232293808,True
random,19,4,4,1,2,5,17.711139428762465,40.46119182879501,32.20149576391843,True
random,19,5,3,1,2,5,9.021710944118006,45.78177824663204,22.99099232293808,True
random,20,0,4,1,2,5,16.980659847250777,40.458828341741835,32.20771031860135,True
random,20,1,1,2,1,2,30.806660320502576,24.82307147612444,39.08817888674962,True
random,20,2,2,3,1,1,24.023013644115412,35.13289511505525,36.60947980751459,True
random,20,3,2,3,1,1,24.396534386474798,35.13289511505525,36.60947980751459,True
random,20,4,4,1,2,5,17.273261530002166,40.458828341741835,32.20771031860135,True
random,20,5,2,3,1,1,23.891652110323328,35.13289511505525,36.60947980751459,True
random,21,0,4,1,2,5,16.542784636991215,40.45646485468866,32.21392487328427,True
random,21,1,3,1,2,5,8.13268421011632,45.77742154567765,23.00446530266409,True
random,21,2,3,1,2,5,8.26858003014586,45.77742154567765,23.00446530266409,True
random,21,3,0,2,1,2,25.82981993591611,30.588982076166374,36.29228986920481,True
random,21,4,0,2,1,2,24.491214463403193,30.588982076166374,36.29228986920481,True
random,21,5,3,1,2,5,8.21838341953894,45.77742154567765,23.00446530266409,True
random,22,0,1,2,1,2,29.539570905235625,24.81851217523642,39.106758525068244,True
random,22,1,1,2,1,2,30.120511045919184,24.81851217523642,39.106758525068244,True
random,22,2,2,3,1,1,23.20983105009457,35.13250337286456,36.61090913886487,True
random,22,3,2,3,1,1,23.51541529115175,35.13250337286456,36.61090913886487,True
random,22,4,0,2,1,2,24.055215573765803,30.58554149397572,36.30012348534293,True
random,22,5,4,1,2,5,17.245055017880556,40.45410136763549,32.22013942796719,True
random,23,0,3,1,2,5,6.61401089161968,45.77306484472326,23.0179382823901,True
random,23,1,4,1,2,5,16.53073711963401,40.451737880582314,32.22635398265011,True
random,23,2,2,3,1,1,22.766120270631507,35.13230750176922,36.61162380454001,True
random,23,3,3,1,2,5,7.75008812775442,45.77306484472326,23.0179382823901,True
random,23,4,3,1,2,5,6.948593332603985,45.77306484472326,23.0179382823901,True
random,23,5,3,1,2,5,7.382954647108041,45.77306484472326,23.0179382823901,True
random,24,0,0,2,1,2,23.14279721204527,30.578660329594417,36.31579071761917,True
random,24,1,1,2,1,2,29.303555915875876,24.813952874348402,39.12533816338687,True
random,24,2,2,3,1,1,22.32240949164968,35.132111630673876,36.61233847021515,True
random,24,3,4,1,2,5,16.83362017263993,40.44937439352914,32.23256853733303,True
random,24,4,0,2,1,2,23.361193948278306,30.578660329594417,36.31579071761917,True
random,24,5,0,2,1,2,24.25569200742232,30.578660329594417,36.31579071761917,True
random,25,0,4,1,2,5,14.945269128589318,40.44701090647597,32.23878309201595,True
random,25,1,1,2,1,2,28.867756280042485,24.811673223904393,39.134627982546185,True
random,25,2,2,3,1,1,21.878698713158716,35.13191575957853,36.61305313589029,True
random,25,3,3,1,2,5,6.916463209210369,45.76870814376887,23.031411262116112,True
random,25,4,3,1,2,5,6.261323649357784,45.76870814376887,23.031411262116112,True
random,25,5,4,1,2,5,16.00625968604109,40.44701090647597,32.23878309201595,True
random,26,0,4,1,2,5,14.507384183163074,40.44464741942279,32.24499764669887,True
random,26,1,0,2,1,2,22.77442205231368,30.571779165213112,36.331457949895416,True
random,26,2,0,2,1,2,23.385457987272677,30.571779165213112,36.331457949895416,True
random,26,3,3,1,2,5,6.478106139868293,45.766529793291674,23.038147751979118,True
random,26,4,3,1,2,5,5.822229996523567,45.766529793291674,23.038147751979118,True
random,26,5,0,2,1,2,23.415128018016862,30.571779165213112,36.331457949895416,True
random,27,0,4,1,2,5,14.069499320302853,40.44228393236962,32.25121220138179,True
random,27,1,4,1,2,5,14.934151247185795,40.44228393236962,32.25121220138179,True
random,27,2,2,3,1,1,20.999003143522803,35.13152401738785,36.61448246724057,True
random,27,3,1,2,1,2,29.481325019592063,24.807113923016374,39.15320762086481,True
random,27,4,3,1,2,5,5.383140184225035,45.76435144281448,23.044884241842123,True
random,27,5,4,1,2,5,15.16349685606137,40.44228393236962,32.25121220138179,True
random,28,0,4,1,2,5,13.631614542541433,40.439920445316446,32.25742675606471,True
random,28,1,3,1,2,5,6.124154416769482,45.762173092337285,23.05162073170513,True
random,28,2,2,3,1,1,20.555292765987797,35.1313281462925,36.61519713291571,True
random,28,3,1,2,1,2,29.045330716511295,24.804834272572364,39.162497440024126,True
random,28,4,3,1,2,5,4.944054532035915,45.762173092337285,23.05162073170513,True
random,28,5,3,1,2,5,5.65586665013359,45.762173092337285,23.05162073170513,True
random,29,0,0,2,1,2,21.114909662010273,30.561457418641155,36.35495879830978,True
random,29,1,0,2,1,2,21.770954990686814,30.561457418641155,36.35495879830978,True
random,29,2,2,3,1,1,20.11158238895734,35.13113227519716,36.61591179859085,True
random,29,3,0,2,1,2,22.8036185106979,30.561457418641155,36.35495879830978,True
random,29,4,4,1,2,5,13.828632895330651,40.43755695826327,32.26364131074763,True
random,29,5,4,1,2,5,14.372290565155772,40.43755695826327,32.26364131074763,True
random,30,0,1,2,1,2,26.524495842949175,24.800274971684345,39.18107707834275,True
random,30,1,3,1,2,5,5.526491199698245,45.757816391382896,23.06509371143114,True
random,30,2,3,1,2,5,5.369037980193712,45.757816391382896,23.06509371143114,True
random,30,3,3,1,2,5,5.349067033244263,45.757816391382896,23.06509371143114,True
random,30,4,3,1,2,5,4.167729427161231,45.757816391382896,23.06509371143114,True
random,30,5,1,2,1,2,27.800307787625105,24.800274971684345,39.18107707834275,True
random,31,0,1,2,1,2,26.088424396402214,24.797995321240336,39.19036689750207,True
random,31,1,2,3,1,1,19.17833042581243,35.130740533006474,36.61734112994113,True
random,31,2,4,1,2,5,13.630370866525332,40.432829984156925,32.27607042011347,True
random,31,3,2,3,1,1,19.99262477176668,35.130740533006474,36.61734112994113,True
random,31,4,4,1,2,5,13.067766565385094,40.432829984156925,32.27607042011347,True
random,31,5,4,1,2,5,13.555662052232902,40.432829984156925,32.27607042011347,True
random,32,0,0,2,1,2,19.812499892263208,30.551135672069197,36.378459646724146,True
random,32,1,2,3,1,1,18.73461988734105,35.13054466191113,36.61805579561627,True
random,32,2,0,2,1,2,21.11034713435844,30.551135672069197,36.378459646724146,True
random,32,3,0,2,1,2,21.726608293165366,30.551135672069197,36.378459646724146,True
random,32,4,0,2,1,2,21.052326895330868,30.551135672069197,36.378459646724146,True
random,32,5,3,1,2,5,4.426168444326663,45.75345969042851,23.07856669115715,True
random,33,0,4,1,2,5,11.681910058987485,40.42810301005058,32.28849952947931,True
random,33,1,3,1,2,5,4.712438692619481,45.75128133995131,23.085303181020155,True
random,33,2,1,2,1,2,26.518647559724798,24.793436020352317,39.208946535820694,True
random,33,3,3,1,2,5,4.472583420282506,45.75128133995131,23.085303181020155,True
random,33,4,1,2,1,2,26.589791705070148,24.793436020352317,39.208946535820694,True
random,33,5,3,1,2,5,3.9859789205088143,45.75128133995131,23.085303181020155,True
random,34,0,4,1,2,5,11.243932135630036,40.425739522997404,32.29471408416223,True
random,34,1,2,3,1,1,18.139643790611903,35.130152919720445,36.61948512696655,True
random,34,2,0,2,1,2,20.241035873227556,30.544254507687892,36.39412687900039,True
random,34,3,0,2,1,2,21.150701876769595,30.544254507687892,36.39412687900039,True
random,34,4,0,2,1,2,20.18213570944547,30.544254507687892,36.39412687900039,True
random,34,5,4,1,2,5,12.54577184562665,40.425739522997404,32.29471408416223,True
random,35,0,1,2,1,2,24.51695136300611,24.788876719464298,39.22752617413932,True
random,35,1,2,3,1,1,17.69593071264408,35.1299570486251,36.62019979264169,True
random,35,2,3,1,2,5,4.462317474387866,45.74692463899692,23.098776160746166,True
random,35,3,3,1,2,5,3.9145311657687554,45.74692463899692,23.098776160746166,True
random,35,4,3,1,2,5,3.2898581155807047,45.74692463899692,23.098776160746166,True
random,35,5,4,1,2,5,12.107944236309622,40.42337603594423,32.30092863884515,True
random,36,0,1,2,1,2,24.080775449576215,24.78659706902029,39.236815993298634,True
random,36,1,2,3,1,1,17.2522176354899,35.12976117752976,36.62091445831683,True
random,36,2,4,1,2,5,11.838968425670542,40.421012548891056,32.30714319352807,True
random,36,3,0,2,1,2,20.628100732257423,30.537373343306587,36.40979411127663,True
random,36,4,3,1,2,5,2.847638198686542,45.74474628851973,23.10551265060917,True
random,36,5,4,1,2,5,11.670116662679243,40.421012548891056,32.30714319352807,True
random,37,0,1,2,1,2,23.644600505310635,24.78431741857628,39.24610581245795,True
random,37,1,2,3,1,1,16.80850455917049,35.129565306434415,36.62162912399197,True
random,37,2,3,1,2,5,3.840142227255689,45.742567938042534,23.112249140472176,True
random,37,3,3,1,2,5,3.4139538380110057,45.742567938042534,23.112249140472176,True
random,37,4,3,1,2,5,2.4054355974254444,45.742567938042534,23.112249140472176,True
random,37,5,4,1,2,5,11.232289126059305,40.41864906183788,32.31335774821099,True
random,38,0,4,1,2,5,9.786565957754501,40.41628557478471,32.31957230289391,True
random,38,1,4,1,2,5,10.687371980764922,40.41628557478471,32.31957230289391,True
random,38,2,0,2,1,2,19.483650820844783,30.530492178925282,36.425461343552875,True
random,38,3,0,2,1,2,20.16940378778059,30.530492178925282,36.425461343552875,True
random,38,4,4,1,2,5,11.029406764174418,40.41628557478471,32.31957230289391,True
random,38,5,4,1,2,5,10.794461627877345,40.41628557478471,32.31957230289391,True
random,39,0,2,3,1,1,14.792397264301794,35.12917356424373,36.62305845534225,True
random,39,1,4,1,2,5,10.249415359394677,40.413922087731535,32.32578685757683,True
random,39,2,3,1,2,5,3.4840877124805556,45.738211237088144,23.125722120198187,True
random,39,3,3,1,2,5,2.9811076879476563,45.738211237088144,23.125722120198187,True
random,39,4,1,2,1,2,25.604124036806677,24.77975811768826,39.264685450776575,True
random,39,5,2,3,1,1,16.37908838140219,35.12917356424373,36.62305845534225,True
random,40,0,2,3,1,1,14.348687517400244,35.128977693148386,36.62377312101739,True
random,40,1,4,1,2,5,9.811458948906255,40.41155860067836,32.33200141225975,True
random,40,2,3,1,2,5,3.0404732693807826,45.73603288661095,23.132458610061192,True
random,40,3,4,1,2,5,11.16214202318352,40.41155860067836,32.33200141225975,True
random,40,4,0,2,1,2,19.054393356879654,30.523611014543977,36.44112857582912,True
random,40,5,0,2,1,2,18.488204475473744,30.523611014543977,36.44112857582912,True
random,41,0,3,1,2,5,5.2555655836192345,45.733854536133755,23.139195099924198,True
random,41,1,3,1,2,5,3.9869231514165424,45.733854536133755,23.139195099924198,True
random,41,2,1,2,1,2,25.36041726321016,24.77519881680024,39.2832650890952,True
random,41,3,3,1,2,5,2.4348902127363505,45.733854536133755,23.139195099924198,True
random,41,4,1,2,1,2,24.7326497889605,24.77519881680024,39.2832650890952,True
random,41,5,3,1,2,5,3.118114848004812,45.733854536133755,23.139195099924198,True
random,42,0,4,1,2,5,8.611262123598891,40.406831626572014,32.34443052162559,True
random,42,1,4,1,2,5,9.445162929213486,40.406831626572014,32.34443052162559,True
random,42,2,0,2,1,2,18.87218776772539,30.516729850162672,36.45679580810536,True
random,42,3,0,2,1,2,19.52828639756325,30.516729850162672,36.45679580810536,True
random,42,4,4,1,2,5,9.445966502298493,40.406831626572014,32.34443052162559,True
random,42,5,3,1,2,5,2.6716946470978873,45.73167618565656,23.145931589787203,True
random,43,0,4,1,2,5,8.173171868630472,40.40446813951884,32.35064507630851,True
random,43,1,2,3,1,1,14.861000182904698,35.128390079862356,36.625917118042814,True
random,43,2,0,2,1,2,18.435884764553634,30.51328926797202,36.46462942424348,True
random,43,3,1,2,1,2,25.197847842615367,24.770639515912222,39.30184472741383,True
random,43,4,1,2,1,2,23.930462788775095,24.770639515912222,39.30184472741383,True
random,43,5,2,3,1,1,15.92998693893763,35.128390079862356,36.625917118042814,True
random,44,0,4,1,2,5,7.7350820954764945,40.40210465246567,32.35685963099143,True
random,44,1,3,1,2,5,3.8986665969518213,45.72731948470217,23.159404569513214,True
random,44,2,0,2,1,2,17.999582141205615,30.509848685781368,36.472463040381605,True
random,44,3,3,1,2,5,2.4392179453105194,45.72731948470217,23.159404569513214,True
random,44,4,1,2,1,2,23.493804327762966,24.768359865468213,39.31113454657314,True
random,44,5,4,1,2,5,9.353484179826069,40.40210465246567,32.35685963099143,True
random,45,0,2,3,1,1,12.897221948386518,35.12799833767167,36.627346449393094,True
random,45,1,2,3,1,1,14.701382392340376,35.12799833767167,36.627346449393094,True
random,45,2,2,3,1,1,15.031206258137603,35.12799833767167,36.627346449393094,True
random,45,3,2,3,1,1,16.173231270132348,35.12799833767167,36.627346449393094,True
random,45,4,1,2,1,2,23.05714719319249,24.766080215024203,39.32042436573246,True
random,45,5,4,1,2,5,8.915679712808728,40.39974116541249,32.36307418567435,True
random,46,0,4,1,2,5,6.895498160232772,40.39737767835932,32.36928874035727,True
random,46,1,0,2,1,2,16.907600578973437,30.502967521400063,36.48813027265785,True
random,46,2,0,2,1,2,17.139884640026082,30.502967521400063,36.48813027265785,True
random,46,3,4,1,2,5,9.572059823557408,40.39737767835932,32.36928874035727,True
random,46,4,1,2,1,2,22.620491409519786,24.763800564580194,39.32971418489177,True
random,46,5,3,1,2,5,2.9480749936448394,45.72296278374778,23.172877549239224,True
random,47,0,4,1,2,5,6.4573594940149315,40.395014191306146,32.37550329504019,True
random,47,1,2,3,1,1,13.827614728022763,35.127606595480984,36.628775780743375,True
random,47,2,2,3,1,1,14.157411952021098,35.127606595480984,36.628775780743375,True
random,47,3,3,1,2,5,2.42240697710088,45.72078443327059,23.17961403910223,True
random,47,4,1,2,1,2,22.183837002137224,24.761520914136185,39.339004004051084,True
random,47,5,2,3,1,1,14.99334507225793,35.127606595480984,36.628775780743375,True
random,48,0,0,2,1,2,14.341053501956125,30.496086357018758,36.50379750493409,True
random,48,1,0,2,1,2,16.049286370026618,30.496086357018758,36.50379750493409,True
random,48,2,0,2,1,2,16.28166134122728,30.496086357018758,36.50379750493409,True
random,48,3,4,1,2,5,9.385713644035498,40.39265070425297,32.38171784972311,True
random,48,4,4,1,2,5,7.28095888197299,40.39265070425297,32.38171784972311,True
random,48,5,0,2,1,2,17.451332521813427,30.496086357018758,36.50379750493409,True
random,49,0,3,1,2,5,6.420179451311336,45.7164277323162,23.19308701882824,True
random,49,1,2,3,1,1,12.955525835043805,35.1272148532903,36.630205112093655,True
random,49,2,2,3,1,1,13.285260028386332,35.1272148532903,36.630205112093655,True
random,49,3,2,3,1,1,15.187698259090054,35.1272148532903,36.630205112093655,True
random,49,4,4,1,2,5,6.8429600411997535,40.3902872171998,32.38793240440603,True
random,49,5,2,3,1,1,14.117637450863603,35.1272148532903,36.630205112093655,True
random,50,0,1,2,1,2,20.526768239874485,24.754681962804156,39.366873461529025,True
random,50,1,4,1,2,5,6.803927731343809,40.387923730146625,32.39414695908895,True
random,50,2,4,1,2,5,7.228305708123251,40.387923730146625,32.39414695908895,True
random,50,3,1,2,1,2,23.88751166584116,24.754681962804156,39.366873461529025,True
random,50,4,1,2,1,2,21.116911829044824,24.754681962804156,39.366873461529025,True
random,50,5,0,2,1,2,16.59063440938305,30.489205192637453,36.519464737210335,True
random,51,0,3,1,2,5,6.406786112168355,45.71207103136181,23.20655999855425,True
random,51,1,3,1,2,5,5.483868056780201,45.71207103136181,23.20655999855425,True
random,51,2,3,1,2,5,5.370255630369526,45.71207103136181,23.20655999855425,True
random,51,3,3,1,2,5,3.0595452778761585,45.71207103136181,23.20655999855425,True
random,51,4,3,1,2,5,5.825258066121894,45.71207103136181,23.20655999855425,True
random,51,5,3,1,2,5,4.122970034989004,45.71207103136181,23.20655999855425,True
random,52,0,2,3,1,1,11.597409593516257,35.12662724000427,36.632349109119076,True
random,52,1,1,2,1,2,21.476548098907802,24.750122661916137,39.38545309984765,True
random,52,2,0,2,1,2,15.514507303874355,30.482324028256148,36.53513196948658,True
random,52,3,1,2,1,2,23.8965175627846,24.750122661916137,39.38545309984765,True
random,52,4,4,1,2,5,6.378238899380387,40.38319675604028,32.40657606845479,True
random,52,5,1,2,1,2,22.812114491556535,24.750122661916137,39.38545309984765,True
random,53,0,4,1,2,5,5.5487305323326845,40.380833268987104,32.41279062313771,True
random,53,1,1,2,1,2,21.039734173695926,24.747843011472128,39.394742919006966,True
random,53,2,0,2,1,2,15.078072845122923,30.478883446065495,36.5429655856247,True
random,53,3,4,1,2,5,8.11839768766503,40.380833268987104,32.41279062313771,True
random,53,4,4,1,2,5,5.940250833633795,40.380833268987104,32.41279062313771,True
random,53,5,4,1,2,5,7.160754974861448,40.380833268987104,32.41279062313771,True
random,54,0,3,1,2,5,6.6148926314445795,45.705535979930225,23.226769468143267,True
random,54,1,1,2,1,2,20.602921846378596,24.74556336102812,39.40403273816628,True
random,54,2,2,3,1,1,11.945079410677645,35.12623549781358,36.63377844046936,True
random,54,3,2,3,1,1,13.86465001361876,35.12623549781358,36.63377844046936,True
random,54,4,2,3,1,1,11.345937071370045,35.12623549781358,36.63377844046936,True
random,54,5,2,3,1,1,12.808177555582423,35.12623549781358,36.63377844046936,True
random,55,0,0,2,1,2,14.08581732337187,30.47200228168419,36.55863281790094,True
random,55,1,0,2,1,2,13.992269249403066,30.47200228168419,36.55863281790094,True
random,55,2,3,1,2,5,6.1318969687701905,45.70335762945303,23.233505958006273,True
random,55,3,4,1,2,5,7.258525668948991,40.376106294880756,32.42521973250355,True
random,55,4,0,2,1,2,13.860350835187683,30.47200228168419,36.55863281790094,True
random,55,5,3,1,2,5,4.867908967532833,45.70335762945303,23.233505958006273,True
random,56,0,2,3,1,1,10.752119739895205,35.125843755622896,36.63520777181964,True
random,56,1,4,1,2,5,5.449217546842035,40.37374280782758,32.43143428718647,True
random,56,2,2,3,1,1,11.887323275812985,35.125843755622896,36.63520777181964,True
random,56,3,1,2,1,2,22.31513290769269,24.7410040601401,39.422612376484906,True
random,56,4,4,1,2,5,4.799990305130024,40.37374280782758,32.43143428718647,True
random,56,5,2,3,1,1,12.790011262322304,35.125843755622896,36.63520777181964,True
random,57,0,0,2,1,2,13.23336126245822,30.465121117302886,36.574300050177186,True
random,57,1,3,1,2,5,7.000545735994555,45.69900092849864,23.246978937732283,True
random,57,2,3,1,2,5,6.06756068868356,45.69900092849864,23.246978937732283,True
random,57,3,1,2,1,2,21.878110458046446,24.73872440969609,39.43190219564422,True
random,57,4,3,1,2,5,7.113165219823539,45.69900092849864,23.246978937732283,True
random,57,5,0,2,1,2,15.402422608521455,30.465121117302886,36.574300050177186,True
random,58,0,0,2,1,2,12.796715509862176,30.461680535112233,36.58213366631531,True
random,58,1,3,1,2,5,6.550327150803566,45.69682257802145,23.25371542759529,True
random,58,2,4,1,2,5,6.110257645585361,40.369015833721235,32.44386339655231,True
random,58,3,2,3,1,1,12.154055371993966,35.12545201343221,36.63663710316992,True
random,58,4,4,1,2,5,4.688715999522447,40.369015833721235,32.44386339655231,True
random,58,5,2,3,1,1,11.91753173866653,35.12545201343221,36.63663710316992,True
random,59,0,0,2,1,2,12.360070741767464,30.45823995292158,36.58996728245343,True
random,59,1,1,2,1,2,20.38620005149138,24.73416510880807,39.45048183396285,True
random,59,2,1,2,1,2,20.579502529712656,24.73416510880807,39.45048183396285,True
random,59,3,3,1,2,5,5.469145592775154,45.69464422754425,23.260451917458294,True
random,59,4,4,1,2,5,4.250678755642269,40.36665234666806,32.45007795123523,True
random,59,5,3,1,2,5,5.699654949174459,45.69464422754425,23.260451917458294,True
random,60,0,0,2,1,2,11.923426992325247,30.454799370730928,36.59780089859155,True
random,60,1,2,3,1,1,10.857496279424575,35.12506027124152,36.6380664345202,True
random,60,2,4,1,2,5,5.379083025372963,40.36428885961489,32.45629250591815,True
random,60,3,3,1,2,5,5.018619053525244,45.69246587706706,23.2671884073213,True
random,60,4,4,1,2,5,3.812642295896801,40.36428885961489,32.45629250591815,True
random,60,5,3,1,2,5,5.24909385314187,45.69246587706706,23.2671884073213,True
random,61,0,0,2,1,2,11.486784298190585,30.451358788540276,36.60563451472967,True
random,61,1,1,2,1,2,19.54722385529796,24.729605807920052,39.469061472281474,True
random,61,2,1,2,1,2,19.863155251539045,24.729605807920052,39.469061472281474,True
random,61,3,1,2,1,2,21.930750676291257,24.729605807920052,39.469061472281474,True
random,61,4,1,2,1,2,19.022432998843207,24.729605807920052,39.469061472281474,True
random,61,5,1,2,1,2,21.704727975124275,24.729605807920052,39.469061472281474,True
random,62,0,3,1,2,5,9.201971630294263,45.68810917611267,23.28066138704731,True
random,62,1,3,1,2,5,7.380003583416145,45.68810917611267,23.28066138704731,True
random,62,2,2,3,1,1,10.221142578565779,35.12466852905084,36.63949576587048,True
random,62,3,2,3,1,1,12.151622795387851,35.12466852905084,36.63949576587048,True
random,62,4,3,1,2,5,8.107797020849034,45.68810917611267,23.28066138704731,True
random,62,5,4,1,2,5,5.899154307315895,40.35956188550854,32.46872161528399,True
random,63,0,4,1,2,5,3.807186599876426,40.35719839845537,32.47493616996691,True
random,63,1,3,1,2,5,6.929689138835946,45.685930825635474,23.287397876910315,True
random,63,2,0,2,1,2,12.76885445744663,30.44447762415897,36.621301747005916,True
random,63,3,0,2,1,2,14.82239475055108,30.44447762415897,36.621301747005916,True
random,63,4,0,2,1,2,12.690987181638587,30.44447762415897,36.621301747005916,True
random,63,5,0,2,1,2,14.660418601371646,30.44447762415897,36.621301747005916,True
random,64,0,3,1,2,5,8.900145243272338,45.68375247515828,23.29413436677332,True
random,64,1,3,1,2,5,6.479377034935196,45.68375247515828,23.29413436677332,True
random,64,2,3,1,2,5,7.920540679632574,45.68375247515828,23.29413436677332,True
random,64,3,2,3,1,1,11.280371911894752,35.12427678686015,36.64092509722076,True
random,64,4,2,3,1,1,8.96819997635737,35.12427678686015,36.64092509722076,True
random,64,5,1,2,1,2,20.49797642392609,24.722766856588024,39.496930929759415,True
random,65,0,4,1,2,5,3.5620855959674462,40.35247142434902,32.48736527933275,True
random,65,1,0,2,1,2,14.238310676096562,30.437596459777666,36.63696897928216,True
random,65,2,3,1,2,5,7.470044254758951,45.681574124681084,23.300870856636326,True
random,65,3,4,1,2,5,4.956836334192067,40.35247142434902,32.48736527933275,True
random,65,4,4,1,2,5,2.866175089574899,40.35247142434902,32.48736527933275,True
random,65,5,4,1,2,5,4.808122676454648,40.35247142434902,32.48736527933275,True
random,66,0,2,3,1,1,8.450179165883958,35.123885044669464,36.64235442857104,True
random,66,1,3,1,2,5,6.46633481782619,45.67939577420389,23.30760734649933,True
random,66,2,1,2,1,2,19.490640573526328,24.718207555700005,39.51551056807804,True
random,66,3,3,1,2,5,6.637941521617141,45.67939577420389,23.30760734649933,True
random,66,4,2,3,1,1,8.200503625794784,35.123885044669464,36.64235442857104,True
random,66,5,3,1,2,5,6.811994145411464,45.67939577420389,23.30760734649933,True
random,67,0,4,1,2,5,2.837724947401609,40.34774445024267,32.49979438869859,True
random,67,1,4,1,2,5,5.49538823640826,40.34774445024267,32.49979438869859,True
random,67,2,4,1,2,5,4.356103687302135,40.34774445024267,32.49979438869859,True
random,67,3,4,1,2,5,4.8903939021895155,40.34774445024267,32.49979438869859,True
random,67,4,4,1,2,5,2.1360612316496,40.34774445024267,32.49979438869859,True
random,67,5,0,2,1,2,13.920999395294468,30.43071529539636,36.6526362115584,True
random,68,0,4,1,2,5,2.398271779353674,40.3453809631895,32.50600894338151,True
random,68,1,3,1,2,5,6.329643310983919,45.6750390732495,23.321080326225342,True
random,68,2,2,3,1,1,9.42807165616525,35.12349330247878,36.64378375992132,True
random,68,3,1,2,1,2,20.06512875929649,24.713648254811986,39.53409020639667,True
random,68,4,3,1,2,5,9.504189207790759,45.6750390732495,23.321080326225342,True
random,68,5,0,2,1,2,13.484177507766947,30.42727471320571,36.660469827696524,True
random,69,0,4,1,2,5,1.958827548386151,40.343017476136325,32.51222349806443,True
random,69,1,3,1,2,5,5.8791320324827145,45.672860722772306,23.327816816088347,True
random,69,2,4,1,2,5,3.57292361358167,40.343017476136325,32.51222349806443,True
random,69,3,4,1,2,5,4.150361249236776,40.343017476136325,32.51222349806443,True
random,69,4,3,1,2,5,9.053071483394817,45.672860722772306,23.327816816088347,True
random,69,5,4,1,2,5,4.112069526180595,40.343017476136325,32.51222349806443,True
random,70,0,4,1,2,5,1.5193945231918098,40.34065398908315,32.51843805274735,True
random,70,1,1,2,1,2,21.08558694025422,24.709088953923967,39.5526698447153,True
random,70,2,2,3,1,1,8.649426192303796,35.12310156028809,36.6452130912716,True
random,70,3,0,2,1,2,13.015743184686523,30.420393548824403,36.67613705997277,True
random,70,4,2,3,1,1,8.38346240718271,35.12310156028809,36.6452130912716,True
random,70,5,0,2,1,2,12.763121944588807,30.420393548824403,36.67613705997277,True
random,71,0,3,1,2,5,9.959632726084665,45.66850402181792,23.341289795814358,True
random,71,1,3,1,2,5,5.865970790695195,45.66850402181792,23.341289795814358,True
random,71,2,4,1,2,5,2.824313460552849,40.33829050202998,32.52465260743027,True
random,71,3,3,1,2,5,7.770723364963521,45.66850402181792,23.341289795814358,True
random,71,4,3,1,2,5,9.039498452275282,45.66850402181792,23.341289795814358,True
random,71,5,0,2,1,2,12.326200283104944,30.41695296663375,36.68397067611089,True
random,72,0,4,1,2,5,1.3903937697871789,40.335927014976804,32.53086716211319,True
random,72,1,3,1,2,5,5.415486581430589,45.66632567134072,23.348026285677363,True
random,72,2,1,2,1,2,17.708619861967396,24.704529653035948,39.571249483033924,True
random,72,3,2,3,1,1,9.678907282514611,35.122709818097405,36.64664242262188,True
random,72,4,4,1,2,5,2.378375499617959,40.335927014976804,32.53086716211319,True
random,72,5,2,3,1,1,8.630082822216632,35.122709818097405,36.64664242262188,True
random,73,0,4,1,2,5,0.9519579851336891,40.33356352792363,32.53708171679611,True
random,73,1,3,1,2,5,4.965005007966408,45.66414732086353,23.35476277554037,True
random,73,2,0,2,1,2,10.917696117738434,30.410071802252446,36.69963790838713,True
random,73,3,3,1,2,5,7.755025327689833,45.66414732086353,23.35476277554037,True
random,73,4,3,1,2,5,8.947847826832533,45.66414732086353,23.35476277554037,True
random,73,5,3,1,2,5,8.854267919636436,45.66414732086353,23.35476277554037,True
random,74,0,2,3,1,1,6.932936054324786,35.12231807590672,36.64807175397216,True
random,74,1,4,1,2,5,6.530817824923242,40.331200040870456,32.54329627147903,True
random,74,2,0,2,1,2,10.48055540501808,30.406631220061794,36.70747152452525,True
random,74,3,4,1,2,5,3.7672735080514643,40.331200040870456,32.54329627147903,True
random,74,4,1,2,1,2,18.508218948799193,24.69997035214793,39.58982912135255,True
random,74,5,1,2,1,2,18.245137750529477,24.69997035214793,39.58982912135255,True
random,75,0,2,3,1,1,6.489113672445768,35.122122204811376,36.6487864196473,True
random,75,1,3,1,2,5,4.88869498280737,45.65979061990914,23.36823575526638,True
random,75,2,3,1,2,5,10.34485158388685,45.65979061990914,23.36823575526638,True
random,75,3,4,1,2,5,3.3292859615956583,40.32883655381728,32.54951082616195,True
random,75,4,3,1,2,5,8.898772768987056,45.65979061990914,23.36823575526638,True
random,75,5,1,2,1,2,17.807754649957996,24.69769070170392,39.599118940511865,True
random,76,0,2,3,1,1,6.04529131647084,35.12192633371603,36.64950108532244,True
random,76,1,3,1,2,5,4.438047560533486,45.657612269431944,23.374972245129385,True
random,76,2,0,2,1,2,10.48542710407638,30.39975005568049,36.7231387568015,True
random,76,3,0,2,1,2,12.459738564223587,30.39975005568049,36.7231387568015,True
random,76,4,0,2,1,2,12.120864029983844,30.39975005568049,36.7231387568015,True
random,76,5,4,1,2,5,2.87864742423022,40.32647306676411,32.55572538084487,True
random,77,0,2,3,1,1,5.601468988374141,35.12173046262069,36.65021575099758,True
random,77,1,4,1,2,5,6.891632043795432,40.324109579710935,32.56193993552779,True
random,77,2,3,1,2,5,10.32311992076379,45.65543391895475,23.38170873499239,True
random,77,3,1,2,1,2,18.378381850845994,24.6931314008159,39.61769857883049,True
random,77,4,4,1,2,5,2.2150118929996063,40.324109579710935,32.56193993552779,True
random,77,5,1,2,1,2,17.31197056152053,24.6931314008159,39.61769857883049,True
random,78,0,3,1,2,5,11.885037641319432,45.653255568477555,23.388445224855396,True
random,78,1,0,2,1,2,15.909178243212668,30.392868891299184,36.73880598907774,True
random,78,2,0,2,1,2,10.49205190016919,30.392868891299184,36.73880598907774,True
random,78,3,0,2,1,2,11.585871408205714,30.392868891299184,36.73880598907774,True
random,78,4,3,1,2,5,9.190119540172425,45.653255568477555,23.388445224855396,True
random,78,5,0,2,1,2,10.530829571154687,30.392868891299184,36.73880598907774,True
random,79,0,2,3,1,1,5.590550679048817,35.12133872043,36.65164508234786,True
random,79,1,4,1,2,5,6.077488290647044,40.31938260560459,32.57436904489363,True
random,79,2,4,1,2,5,2.502821967849703,40.31938260560459,32.57436904489363,True
random,79,3,1,2,1,2,17.50366687464143,24.68857209992788,39.63627821714912,True
random,79,4,2,3,1,1,8.203221282225233,35.12133872043,36.65164508234786,True
random,79,5,2,3,1,1,6.759516208926341,35.12133872043,36.65164508234786,True
random,80,0,3,1,2,5,11.86068718104975,45.648898867523165,23.401918204581406,True
random,80,1,0,2,1,2,15.102926968213797,30.38598772691788,36.75447322135398,True
random,80,2,3,1,2,5,10.308371689336214,45.648898867523165,23.401918204581406,True
random,80,3,1,2,1,2,17.066051663656907,24.686292449483872,39.64556803630843,True
random,80,4,3,1,2,5,9.175428540403198,45.648898867523165,23.401918204581406,True
random,80,5,0,2,1,2,9.694971637407784,30.38598772691788,36.75447322135398,True
random,81,0,2,3,1,1,5.582276571323463,35.12094697823932,36.65307441369814,True
random,81,1,4,1,2,5,5.2763687673577335,40.31465563149824,32.58679815425947,True
random,81,2,3,1,2,5,9.85743068078583,45.64672051704597,23.40865469444441,True
random,81,3,2,3,1,1,6.844593060977193,35.12094697823932,36.65307441369814,True
random,81,4,4,1,2,5,2.174650524549307,40.31465563149824,32.58679815425947,True
random,81,5,0,2,1,2,9.257823186765103,30.382547144727226,36.762306837492105,True
random,82,0,1,2,1,2,15.59554097473191,24.681733148595853,39.66414767462706,True
random,82,1,3,1,2,5,6.041167603481881,45.644542166568776,23.415391184307417,True
random,82,2,1,2,1,2,17.375120412400484,24.681733148595853,39.66414767462706,True
random,82,3,1,2,1,2,16.23525765189487,24.681733148595853,39.66414767462706,True
random,82,4,3,1,2,5,9.093518828826017,45.644542166568776,23.415391184307417,True
random,82,5,1,2,1,2,15.175592000028722,24.681733148595853,39.66414767462706,True
random,83,0,0,2,1,2,8.773901951153768,30.37566598034592,36.77797406976835,True
random,83,1,2,3,1,1,11.327139534336023,35.12055523604863,36.65450374504842,True
random,83,2,2,3,1,1,7.1263210257954555,35.12055523604863,36.65450374504842,True
random,83,3,2,3,1,1,6.005918232061928,35.12055523604863,36.65450374504842,True
random,83,4,2,3,1,1,8.295010528782612,35.12055523604863,36.65450374504842,True
random,83,5,4,1,2,5,3.1356141116370826,40.30992865739189,32.59922726362531,True
random,84,0,1,2,1,2,14.718776088573016,24.677173847707834,39.68272731294569,True
random,84,1,1,2,1,2,20.642093801249597,24.677173847707834,39.68272731294569,True
random,84,2,1,2,1,2,16.541156813837997,24.677173847707834,39.68272731294569,True
random,84,3,4,1,2,5,2.450301066572331,40.30756517033872,32.60544181830823,True
random,84,4,3,1,2,5,9.076849713294825,45.64018546561439,23.428864164033428,True
random,84,5,3,1,2,5,11.739961426458816,45.64018546561439,23.428864164033428,True
random,85,0,4,1,2,5,2.884885695854647,40.305201683285546,32.61165637299115,True
random,85,1,4,1,2,5,4.508325902869394,40.305201683285546,32.61165637299115,True
random,85,2,4,1,2,5,2.2848754607350825,40.305201683285546,32.61165637299115,True
random,85,3,2,3,1,1,5.683137841113364,35.120163493857945,36.6559330763987,True
random,85,4,3,1,2,5,8.62565319796533,45.63800711513719,23.435600653896433,True
random,85,5,0,2,1,2,9.140484854749186,30.368784815964617,36.79364130204459,True
random,86,0,1,2,1,2,14.729677166186887,24.672614546819815,39.701306951264314,True
random,86,1,3,1,2,5,6.836356759113777,45.63582876466,23.44233714375944,True
random,86,2,4,1,2,5,1.8420338935724845,40.30283819623237,32.61787092767407,True
random,86,3,2,3,1,1,5.239390498909456,35.1199676227626,36.656647742073844,True
random,86,4,3,1,2,5,8.174457223125447,45.63582876466,23.44233714375944,True
random,86,5,1,2,1,2,15.066806013710146,24.672614546819815,39.701306951264314,True
random,87,0,1,2,1,2,14.291221357926167,24.670334896375806,39.71059677042363,True
random,87,1,4,1,2,5,4.47574071425044,40.3004747091792,32.62408548235699,True
random,87,2,4,1,2,5,1.3992184944110297,40.3004747091792,32.62408548235699,True
random,87,3,2,3,1,1,4.795643169317426,35.11977175166726,36.657362407748984,True
random,87,4,0,2,1,2,12.900583433372738,30.36190365158331,36.809308534320834,True
random,87,5,0,2,1,2,8.266599122744053,30.36190365158331,36.809308534320834,True
random,88,0,1,2,1,2,13.852769503294333,24.668055245931797,39.71988658958294,True
random,88,1,4,1,2,5,4.037916005304209,40.298111222126025,32.63030003703991,True
random,88,2,3,1,2,5,10.5658479465208,45.63147206370561,23.45581012348545,True
random,88,3,3,1,2,5,12.534332254499695,45.63147206370561,23.45581012348545,True
random,88,4,3,1,2,5,8.132222390942413,45.63147206370561,23.45581012348545,True
random,88,5,3,1,2,5,12.565199306942283,45.63147206370561,23.45581012348545,True
random,89,0,4,1,2,5,3.753513971654179,40.29574773507285,32.63651459172283,True
random,89,1,0,2,1,2,13.322345063531369,30.355022487202007,36.82497576659708,True
random,89,2,2,3,1,1,6.7942380877798945,35.11938000947657,36.658791739099264,True
random,89,3,0,2,1,2,8.579067124626286,30.355022487202007,36.82497576659708,True
random,89,4,4,1,2,5,3.1021743571534706,40.29574773507285,32.63651459172283,True
random,89,5,2,3,1,1,4.969269156180859,35.11938000947657,36.658791739099264,True
random,90,0,3,1,2,5,13.376672000061568,45.62711536275122,23.46928310321146,True
random,90,1,1,2,1,2,19.230383862751676,24.663495945043778,39.73846622790157,True
random,90,2,3,1,2,5,10.548288416822338,45.62711536275122,23.46928310321146,True
random,90,3,3,1,2,5,12.490009323291005,45.62711536275122,23.46928310321146,True
random,90,4,1,2,1,2,18.93669320813439,24.663495945043778,39.73846622790157,True
random,90,5,3,1,2,5,12.526624857593642,45.62711536275122,23.46928310321146,True
random,91,0,4,1,2,5,2.920019800841836,40.291020760966504,32.64894370108867,True
random,91,1,2,3,1,1,8.839478155511673,35.118988267285886,36.660221070449545,True
random,91,2,4,1,2,5,1.1235179205698997,40.291020760966504,32.64894370108867,True
random,91,3,2,3,1,1,4.843533287500031,35.118988267285886,36.660221070449545,True
random,91,4,1,2,1,2,18.498958376692556,24.661216294599768,39.74775604706088,True
random,91,5,2,3,1,1,4.947910079654258,35.118988267285886,36.660221070449545,True
random,92,0,0,2,1,2,8.334205690436644,30.34470074063005,36.84847661501144,True
random,92,1,3,1,2,5,8.458651695895252,45.62275866179683,23.48275608293747,True
random,92,2,3,1,2,5,10.281976193738034,45.62275866179683,23.48275608293747,True
random,92,3,0,2,1,2,8.176856845332317,30.34470074063005,36.84847661501144,True
random,92,4,3,1,2,5,8.893502118286586,45.62275866179683,23.48275608293747,True
random,92,5,0,2,1,2,7.968768954226474,30.34470074063005,36.84847661501144,True
random,93,0,1,2,1,2,14.278563930653815,24.65665699371175,39.76633568537951,True
random,93,1,4,1,2,5,3.0015065863969785,40.286293786860156,32.66137281045451,True
random,93,2,4,1,2,5,0.9760556541618455,40.286293786860156,32.66137281045451,True
random,93,3,1,2,1,2,14.124750259557764,24.65665699371175,39.76633568537951,True
random,93,4,2,3,1,1,8.405426579596252,35.1185965250952,36.661650401799825,True
random,93,5,2,3,1,1,4.134165064996274,35.1185965250952,36.661650401799825,True
random,94,0,3,1,2,5,13.334175245673677,45.61840196084244,23.49622906266348,True
random,94,1,4,1,2,5,2.5634479341625034,40.28393029980698,32.66758736513743,True
random,94,2,4,1,2,5,0.537594068280635,40.28393029980698,32.66758736513743,True
random,94,3,0,2,1,2,7.301437882599752,30.337819576248744,36.864143847287686,True
random,94,4,0,2,1,2,11.705639775912482,30.337819576248744,36.864143847287686,True
random,94,5,2,3,1,1,3.6904554051577096,35.118400653999856,36.662365067474965,True
random,95,0,1,2,1,2,14.251171889788324,24.65209769282373,39.78491532369814,True
random,95,1,3,1,2,5,8.738535240517267,45.616223610365246,23.502965552526486,True
random,95,2,1,2,1,2,17.2073337563872,24.65209769282373,39.78491532369814,True
random,95,3,0,2,1,2,6.863728039681855,30.334378994058092,36.87197746342581,True
random,95,4,3,1,2,5,9.294272568567797,45.616223610365246,23.502965552526486,True
random,95,5,3,1,2,5,13.739107389861317,45.616223610365246,23.502965552526486,True
random,96,0,2,3,1,1,3.5744209826534554,35.11800891180917,36.663794398825246,True
random,96,1,2,3,1,1,8.555200290712914,35.11800891180917,36.663794398825246,True
random,96,2,4,1,2,5,0.4147371219262887,40.279203325700635,32.68001647450327,True
random,96,3,0,2,1,2,6.426022390131497,30.33093841186744,36.87981107956393,True
random,96,4,2,3,1,1,7.9853932541320845,35.11800891180917,36.663794398825246,True
random,96,5,2,3,1,1,3.6694068603895222,35.11800891180917,36.663794398825246,True
random,97,0,2,3,1,1,3.130686402076179,35.11781304071383,36.664509064500386,True
random,97,1,1,2,1,2,18.30213257071307,24.64753839193571,39.803494962016764,True
random,97,2,4,1,2,5,0.0066488165080352685,40.27683983864746,32.68623102918619,True
random,97,3,0,2,1,2,5.988321221088289,30.327497829676787,36.88764469570205,True
random,97,4,1,2,1,2,17.647675303161144,24.64753839193571,39.803494962016764,True
random,97,5,3,1,2,5,13.70692254170683,45.61186690941086,23.516438532252497,True
random,98,0,3,1,2,5,14.150847158426878,45.60968855893366,23.523175022115502,True
random,98,1,3,1,2,5,9.1274645112137,45.60968855893366,23.523175022115502,True
random,98,2,4,1,2,5,0.0066488165080352685,40.27447635159429,32.69244558386911,True
random,98,3,3,1,2,5,14.947310448834635,45.60968855893366,23.523175022115502,True
random,98,4,1,2,1,2,17.20995551358511,24.645258741491702,39.81278478117608,True
random,98,5,3,1,2,5,13.25600197919514,45.60968855893366,23.523175022115502,True
random,99,0,4,1,2,5,3.699786546978699,40.272112864541114,32.69866013855203,True
random,99,1,3,1,2,5,8.676352646417216,45.60751020845647,23.529911511978508,True
random,99,2,4,1,2,5,0.0066488165080352685,40.272112864541114,32.69866013855203,True
random,99,3,2,3,1,1,2.7570664500058233,35.11742129852314,36.66593839585067,True
random,99,4,4,1,2,5,1.9415070119151554,40.272112864541114,32.69866013855203,True
random,99,5,3,1,2,5,12.805082045198143,45.60751020845647,23.529911511978508,True
random,100,0,0,2,1,2,7.555980215351346,30.31717608310483,36.911145544116415,True
random,100,1,0,2,1,2,12.348825060000006,30.31717608310483,36.911145544116415,True
random,100,2,4,1,2,5,0.0066488165080352685,40.26974937748794,32.70487469323495,True
random,100,3,0,2,1,2,5.726204965797621,30.31717608310483,36.911145544116415,True
random,100,4,4,1,2,5,1.5003463386927376,40.26974937748794,32.70487469323495,True
random,100,5,1,2,1,2,14.56990812447132,24.640699440603683,39.831364419494705,True
random,101,0,3,1,2,5,13.694907403999306,45.60315350750208,23.54338449170452,True
random,101,1,2,3,1,1,8.157905923329547,35.117029556332454,36.66736772720095,True
random,101,2,4,1,2,5,0.0066488165080352685,40.26738589043477,32.71108924791787,True
random,101,3,3,1,2,5,15.263332576615893,45.60315350750208,23.54338449170452,True
random,101,4,4,1,2,5,1.0592125472008909,40.26738589043477,32.71108924791787,True
random,101,5,2,3,1,1,4.147307580303761,35.117029556332454,36.66736772720095,True
random,102,0,1,2,1,2,13.905285817359795,24.636140139715664,39.84994405781333,True
random,102,1,0,2,1,2,11.49577435600146,30.310294918723525,36.92681277639266,True
random,102,2,4,1,2,5,0.0066488165080352685,40.26502240338159,32.71730380260079,True
random,102,3,0,2,1,2,5.714781382780735,30.310294918723525,36.92681277639266,True
random,102,4,0,2,1,2,10.657504309656304,30.310294918723525,36.92681277639266,True
random,102,5,0,2,1,2,7.3911445250582375,30.310294918723525,36.92681277639266,True
random,103,0,3,1,2,5,13.64454798395275,45.59879680654769,23.55685747143053,True
random,103,1,2,3,1,1,7.293928358790093,35.11663781414177,36.66879705855123,True
random,103,2,4,1,2,5,0.0066488165080352685,40.26265891632842,32.72351835728371,True
random,103,3,3,1,2,5,15.228605398710028,45.59879680654769,23.55685747143053,True
random,103,4,3,1,2,5,10.778315616646466,45.59879680654769,23.55685747143053,True
random,103,5,3,1,2,5,13.604470348387947,45.59879680654769,23.55685747143053,True
random,104,0,4,1,2,5,3.3614820200448756,40.260295429275246,32.72973291196663,True
random,104,1,4,1,2,5,1.7728667371643703,40.260295429275246,32.72973291196663,True
random,104,2,4,1,2,5,0.0066488165080352685,40.260295429275246,32.72973291196663,True
random,104,3,0,2,1,2,5.708724487644392,30.30341375434222,36.9424800086689,True
random,104,4,3,1,2,5,10.327088961376631,45.596618456070495,23.563593961293535,True
random,104,5,1,2,1,2,13.76133773228636,24.631580838827645,39.86852369613196,True
random,105,0,2,3,1,1,3.9565013377433806,35.11624607195108,36.67022638990151,True
random,105,1,2,3,1,1,6.71595213272581,35.11624607195108,36.67022638990151,True
random,105,2,4,1,2,5,0.0066488165080352685,40.25793194222207,32.73594746664955,True
random,105,3,3,1,2,5,15.198489834137575,45.5944401055933,23.57033045115654,True
random,105,4,2,3,1,1,6.958625948084006,35.11624607195108,36.67022638990151,True
random,105,5,2,3,1,1,3.4216988668745376,35.11624607195108,36.67022638990151,True
random,106,0,0,2,1,2,7.559729758793363,30.296532589960915,36.958147240945145,True
random,106,1,4,1,1,5,1.2832528091298006,40.256750198695485,32.73905474399101,True
random,106,2,0,2,1,2,10.813039581054305,40.25793194222207,32.73594746664955,False
random,106,3,3,1,2,5,14.74772896667329,45.592261755116105,23.577066941019545,True
random,106,4,1,2,1,2,16.98125858774629,24.627021537939626,39.887103334450586,True
random,106,5,4,1,1,5,4.260368842899979,40.256750198695485,32.73905474399101,True
random,107,0,0,2,1,2,7.121664324038548,30.293092007770262,36.96598085708327,True
random,107,1,3,1,2,5,10.515288332636961,45.59008340463891,23.58380343088255,True
random,107,2,0,2,1,2,10.813039581054305,40.25793194222207,32.73594746664955,False
random,107,3,3,1,2,5,14.296968803846783,45.59008340463891,23.58380343088255,True
random,107,4,2,3,1,1,6.094315255775191,35.115854329760396,36.67165572125179,True
random,107,5,3,1,2,5,13.591780030377205,45.59008340463891,23.58380343088255,True
random,108,0,4,1,1,5,4.14779831223814,40.25438671164231,32.74526929867394,True
random,108,1,1,2,1,2,17.22236901395889,24.622462237051607,39.90568297276921,True
random,108,2,0,2,1,2,10.813039581054305,40.25793194222207,32.73594746664955,False
random,108,3,1,2,1,2,12.951988504002106,24.622462237051607,39.90568297276921,True
random,108,4,4,1,1,5,1.2934023281695428,40.25438671164231,32.74526929867394,True
random,108,5,3,1,2,5,13.1408482488892,45.587905054161716,23.590539920745556,True
random,109,0,3,1,2,5,13.656569797818435,45.58572670368452,23.59727641060856,True
random,109,1,0,2,1,2,10.404390382839216,30.286210843388957,36.98164808935951,True
random,109,2,0,2,1,2,10.813039581054305,40.25793194222207,32.73594746664955,False
random,109,3,2,3,1,1,3.0538712675515556,35.11546258756971,36.67308505260207,True
random,109,4,3,1,2,5,10.9264041953655,45.58572670368452,23.59727641060856,True
random,109,5,3,1,2,5,12.689917090258106,45.58572670368452,23.59727641060856,True
random,110,0,1,2,1,2,13.922082657757182,24.61790293616359,39.92426261108784,True
random,110,1,4,1,1,5,1.2796247005403019,40.25202322458914,32.751483853356866,True
random,110,2,0,2,1,2,10.813039581054305,40.25793194222207,32.73594746664955,False
random,110,3,4,1,1,5,5.032565368075476,40.25202322458914,32.751483853356866,True
random,110,4,3,1,2,5,10.475170243099754,45.58354835320733,23.604012900471567,True
random,110,5,3,1,2,5,12.238986577686276,45.58354835320733,23.604012900471567,True
random,111,0,2,3,1,1,3.1835676925831713,35.11507084537902,36.67451438395235,True
random,111,1,2,3,1,1,6.078507295491238,35.11507084537902,36.67451438395235,True
random,111,2,0,2,1,2,10.813039581054305,40.25793194222207,32.73594746664955,False
random,111,3,2,3,1,1,2.804492739087892,35.11507084537902,36.67451438395235,True
random,111,4,2,3,1,1,6.785250235352255,35.11507084537902,36.67451438395235,True
random,111,5,0,2,1,2,8.764149158663685,30.279329679007652,36.99731532163575,True
random,112,0,3,1,2,5,14.037514298928462,45.57919165225294,23.617485880197577,True
random,112,1,4,1,1,5,1.0918390168820524,40.249659737535964,32.75769840803979,True
random,112,2,0,2,1,2,10.813039581054305,40.25793194222207,32.73594746664955,False
random,112,3,2,3,1,1,2.360789270559708,35.11487497428368,36.67522904962749,True
random,112,4,3,1,2,5,10.454274434929827,45.57919165225294,23.617485880197577,True
random,112,5,3,1,2,5,12.207293170032377,45.57919165225294,23.617485880197577,True
random,113,0,0,2,1,2,7.161243274198941,30.272448514626348,37.012982553911996,True
random,113,1,4,1,1,5,0.6462411218958051,40.24847799400938,32.76080568538126,True
random,113,2,0,2,1,2,10.813039581054305,40.25793194222207,32.73594746664955,False
random,113,3,0,2,1,2,5.761526951285863,30.272448514626348,37.012982553911996,True
random,113,4,3,1,2,5,10.003057681233354,45.57701330177574,23.624222370060583,True
random,113,5,3,1,2,5,11.756395334340834,45.57701330177574,23.624222370060583,True
random,114,0,2,3,1,1,2.8199297060090553,35.114483232092994,36.67665838097777,True
random,114,1,4,1,1,5,0.2006750141977161,40.24729625048279,32.76391296272272,True
random,114,2,0,2,1,2,10.813039581054305,40.25793194222207,32.73594746664955,False
random,114,3,1,2,1,2,11.690555718476608,24.60878433438755,39.961421887725095,True
random,114,4,1,2,1,2,17.677629405684687,24.60878433438755,39.961421887725095,True
random,114,5,3,1,2,5,11.305498234483412,45.57483495129855,23.630958859923588,True
random,115,0,2,3,1,1,2.376213874738328,35.11428736099765,36.67737304665291,True
random,115,1,4,1,1,5,0.003324408254020955,40.246114506956204,32.767020240064184,True
random,115,2,0,2,1,2,10.813039581054305,40.25793194222207,32.73594746664955,False
random,115,3,3,1,2,5,15.796573874648267,45.572656600821354,23.637695349786593,True
random,115,4,0,2,1,2,10.864022253391774,30.265567350245043,37.02864978618824,True
random,115,5,0,2,1,2,9.635159328460453,30.265567350245043,37.02864978618824,True
random,116,0,3,1,2,5,14.832345305039356,45.57047825034416,23.6444318396496,True
random,116,1,4,1,1,5,0.003324408254020955,40.24493276342962,32.77012751740565,True
random,116,2,0,2,1,2,10.813039581054305,40.25793194222207,32.73594746664955,False
random,116,3,1,2,1,2,11.672245559636748,24.60422503349953,39.98000152604372,True
random,116,4,3,1,2,5,10.344704094975112,45.57047825034416,23.6444318396496,True
random,116,5,0,2,1,2,9.197930181858913,30.26212676805439,37.03648340232636,True
random,117,0,2,3,1,1,2.365988485881404,35.113895618806964,36.67880237800319,True
random,117,1,4,1,1,5,0.003324408254020955,40.24375101990303,32.77323479474711,True
random,117,2,0,2,1,2,10.813039581054305,40.25793194222207,32.73594746664955,False
random,117,3,1,2,1,2,11.233930715877726,24.601945383055522,39.989291345203036,True
random,117,4,2,3,1,1,6.820330152610735,35.113895618806964,36.67880237800319,True
random,117,5,0,2,1,2,8.760703390298984,30.258686185863738,37.04431701846448,True
random,118,0,3,1,2,5,14.8099953289131,45.56612154938977,23.65790481937561,True
random,118,1,4,1,1,5,0.003324408254020955,40.24256927637644,32.776342072088575,True
random,118,2,0,2,1,2,10.813039581054305,40.25793194222207,32.73594746664955,False
random,118,3,3,1,2,5,16.166715671786047,45.56612154938977,23.65790481937561,True
random,118,4,3,1,2,5,10.33026230466316,45.56612154938977,23.65790481937561,True
random,118,5,3,1,2,5,12.133687996281807,45.56612154938977,23.65790481937561,True
random,119,0,0,2,1,2,6.526988332866711,30.251805021482433,37.059984250740726,True
random,119,1,4,1,1,5,0.003324408254020955,40.241387532849856,32.77944934943004,True
random,119,2,0,2,1,2,10.813039581054305,40.25793194222207,32.73594746664955,False
random,119,3,1,2,1,2,11.221378554775713,24.597386082167503,40.00787098352166,True
random,119,4,2,3,1,1,6.820712565009081,35.11350387661628,36.68023170935347,True
random,119,5,1,2,1,2,15.114834229156987,24.597386082167503,40.00787098352166,True
random,120,0,3,1,2,5,14.745480029768624,45.56176484843538,23.67137779910162,True
random,120,1,4,1,1,5,0.003324408254020955,40.24020578932327,32.7825566267715,True
random,120,2,0,2,1,2,10.813039581054305,40.25793194222207,32.73594746664955,False
random,120,3,1,2,1,2,10.783175529945222,24.595106431723494,40.017160802680976,True
random,120,4,2,3,1,1,6.376936563816514,35.113308005520935,36.68094637502861,True
random,120,5,3,1,2,5,12.107127082223835,45.56176484843538,23.67137779910162,True
random,121,0,3,1,2,5,14.294518438290995,45.559586497958186,23.678114288964625,True
random,121,1,4,1,1,5,0.003324408254020955,40.23902404579668,32.785663904112965,True
random,121,2,0,2,1,2,10.813039581054305,40.25793194222207,32.73594746664955,False
random,121,3,0,2,1,2,3.9697843318509456,30.244923857101128,37.07565148301697,True
random,121,4,0,2,1,2,10.020387280811947,30.244923857101128,37.07565148301697,True
random,121,5,3,1,2,5,11.65634390965351,45.559586497958186,23.678114288964625,True
random,122,0,3,1,2,5,13.843557390989869,45.55740814748099,23.68485077882763,True
random,122,1,4,1,1,5,0.003324408254020955,40.237842302270096,32.78877118145443,True
random,122,2,0,2,1,2,10.813039581054305,40.25793194222207,32.73594746664955,False
random,122,3,2,3,1,1,2.058152726190195,35.11291626333025,36.68237570637889,True
random,122,4,2,3,1,1,5.518203142529647,35.11291626333025,36.68237570637889,True
random,122,5,3,1,2,5,11.205561607759455,45.55740814748099,23.68485077882763,True
random,123,0,3,1,2,5,13.3925969064207,45.5552297970038,23.691587268690636,True
random,123,1,4,1,1,5,0.003324408254020955,40.23666055874351,32.79187845879589,True
random,123,2,0,2,1,2,10.813039581054305,40.25793194222207,32.73594746664955,False
random,123,3,2,3,1,1,1.613948315196203,35.112720392234905,36.68309037205403,True
random,123,4,1,2,1,2,15.552574875603355,24.588267480391465,40.04503026015892,True
random,123,5,1,2,1,2,15.994907126404433,24.588267480391465,40.04503026015892,True
random,124,0,0,2,1,2,7.737888200790387,30.23460211052917,37.099152331431334,True
random,124,1,0,2,1,2,10.883820365568232,40.23666055874351,32.79187845879589,False
random,124,2,0,2,1,2,10.813039581054305,40.25793194222207,32.73594746664955,False
random,124,3,2,3,1,1,1.1697442665233582,35.11252452113956,36.68380503772917,True
random,124,4,0,2,1,2,8.739770414427769,30.23460211052917,37.099152331431334,True
random,124,5,0,2,1,2,9.227411179906532,30.23460211052917,37.099152331431334,True
random,125,0,0,2,1,2,7.300157311792057,30.231161528338518,37.106985947569456,True
random,125,1,0,2,1,2,10.883820365568232,40.23666055874351,32.79187845879589,False
random,125,2,0,2,1,2,10.813039581054305,40.25793194222207,32.73594746664955,False
random,125,3,2,3,1,1,0.7255407663841891,35.11232865004422,36.68451970340431,True
random,125,4,3,1,2,5,12.401951754564495,45.55087309604941,23.705060248416647,True
random,125,5,1,2,1,2,15.12082481224121,24.583708179503446,40.063609898477544,True
random,126,0,3,1,2,5,13.761952381353902,45.54869474557221,23.711796738279652,True
random,126,1,0,2,1,2,10.883820365568232,40.23666055874351,32.79187845879589,False
random,126,2,0,2,1,2,10.813039581054305,40.25793194222207,32.73594746664955,False
random,126,3,2,3,1,1,0.28133847708295445,35.112132778948876,36.68523436907945,True
random,126,4,3,1,2,5,11.950957041395938,45.54869474557221,23.711796738279652,True
random,126,5,3,1,2,5,12.044609772653525,45.54869474557221,23.711796738279652,True
random,127,0,1,2,1,2,13.661937965428542,24.579148878615428,40.08218953679617,True
random,127,1,0,2,1,2,10.883820365568232,40.23666055874351,32.79187845879589,False
random,127,2,0,2,1,2,10.813039581054305,40.25793194222207,32.73594746664955,False
random,127,3,2,3,1,1,0.0007410212636723411,35.11193690785353,36.68594903475459,True
random,127,4,1,2,1,2,15.518397724933296,24.579148878615428,40.08218953679617,True
random,127,5,0,2,1,2,8.802628950417086,30.224280363957213,37.1226531798457,True
random,128,0,1,2,1,2,13.22393357472499,24.576869228171418,40.091479355955485,True
random,128,1,0,2,1,2,10.883820365568232,40.23666055874351,32.79187845879589,False
random,128,2,0,2,1,2,10.813039581054305,40.25793194222207,32.73594746664955,False
random,128,3,2,3,1,1,0.0007410212636723411,35.11174103675819,36.68666370042973,True
random,128,4,3,1,2,5,11.910778074420014,45.544338044617824,23.725269718005663,True
random,128,5,0,2,1,2,8.365657034122878,30.22083978176656,37.13048679598382,True
random,129,0,3,1,2,5,14.14103069974384,45.54215969414063,23.732006207868668,True
random,129,1,0,2,1,2,10.883820365568232,40.23666055874351,32.79187845879589,False
random,129,2,0,2,1,2,10.813039581054305,40.25793194222207,32.73594746664955,False
random,129,3,2,3,1,1,0.0007410212636723411,35.11154516566285,36.68737836610487,True
random,129,4,3,1,2,5,11.45982094678549,45.54215969414063,23.732006207868668,True
random,129,5,0,2,1,2,7.92868724973387,30.217399199575908,37.13832041212194,True
random,130,0,1,2,1,2,13.216112152446494,24.5723099272834,40.11005899427411,True
random,130,1,0,2,1,2,10.883820365568232,40.23666055874351,32.79187845879589,False
random,130,2,0,2,1,2,10.813039581054305,40.25793194222207,32.73594746664955,False
random,130,3,2,3,1,1,0.0007410212636723411,35.1113492945675,36.688093031780014,True
random,130,4,1,2,1,2,15.933500189533316,24.5723099272834,40.11005899427411,True
random,130,5,1,2,1,2,13.817212950543524,24.5723099272834,40.11005899427411,True
random,131,0,0,2,1,2,6.410073075695015,30.210518035194603,37.153987644398185,True
random,131,1,0,2,1,2,10.883820365568232,40.23666055874351,32.79187845879589,False
random,131,2,0,2,1,2,10.813039581054305,40.25793194222207,32.73594746664955,False
random,131,3,2,3,1,1,0.0007410212636723411,35.11115342347216,36.688807697455154,True
random,131,4,0,2,1,2,9.135345570698274,30.210518035194603,37.153987644398185,True
random,131,5,0,2,1,2,7.056146008528027,30.210518035194603,37.153987644398185,True
random,132,0,0,2,1,2,5.972590644525918,30.20707745300395,37.16182126053631,True
random,132,1,0,2,1,2,10.883820365568232,40.23666055874351,32.79187845879589,False
random,132,2,0,2,1,2,10.813039581054305,40.25793194222207,32.73594746664955,False
random,132,3,2,3,1,1,0.0007410212636723411,35.11095755237682,36.689522363130294,True
random,132,4,3,1,2,5,11.846209686916154,45.535624642709045,23.752215677457684,True
random,132,5,3,1,2,5,13.766513365809864,45.535624642709045,23.752215677457684,True
random,133,0,1,2,1,2,11.902670120391084,24.56547097595137,40.13792845175205,True
random,133,1,0,2,1,2,10.883820365568232,40.23666055874351,32.79187845879589,False
random,133,2,0,2,1,2,10.813039581054305,40.25793194222207,32.73594746664955,False
random,133,3,2,3,1,1,0.0007410212636723411,35.110761681281474,36.690237028805434,True
random,133,4,3,1,2,5,11.395320044851522,45.53344629223185,23.75895216732069,True
random,133,5,1,2,1,2,13.388408284019286,24.56547097595137,40.13792845175205,True
random,134,0,0,2,1,2,5.097848581005292,30.200196288622646,37.17748849281255,True
random,134,1,0,2,1,2,10.883820365568232,40.23666055874351,32.79187845879589,False
random,134,2,0,2,1,2,10.813039581054305,40.25793194222207,32.73594746664955,False
random,134,3,2,3,1,1,0.0007410212636723411,35.11056581018613,36.690951694480574,True
random,134,4,3,1,2,5,10.944431171901144,45.531267941754656,23.765688657183695,True
random,134,5,0,2,1,2,6.634142563818394,30.200196288622646,37.17748849281255,True
random,135,0,3,1,2,5,15.804124665135873,45.52908959127746,23.7724251470467,True
random,135,1,0,2,1,2,10.883820365568232,40.23666055874351,32.79187845879589,False
random,135,2,0,2,1,2,10.813039581054305,40.25793194222207,32.73594746664955,False
random,135,3,2,3,1,1,0.0007410212636723411,35.11036993909079,36.691666360155715,True
random,135,4,3,1,2,5,10.493543101380707,45.52908959127746,23.7724251470467,True
random,135,5,3,1,2,5,14.18499274018822,45.52908959127746,23.7724251470467,True
random,136,0,0,2,1,2,5.101420160547914,30.19331512424134,37.19315572508879,True
random,136,1,0,2,1,2,10.883820365568232,40.23666055874351,32.79187845879589,False
random,136,2,0,2,1,2,10.813039581054305,40.25793194222207,32.73594746664955,False
random,136,3,0,2,1,2,4.938350010449379,35.11036993909079,36.691666360155715,False
random,136,4,0,2,1,2,10.452878664565192,30.19331512424134,37.19315572508879,True
random,136,5,1,2,1,2,12.960974029459669,24.558632024619342,40.165797909229994,True
random,137,0,3,1,2,5,15.782405953565375,45.52473289032307,23.78589812677271,True
random,137,1,0,2,1,2,10.883820365568232,40.23666055874351,32.79187845879589,False
random,137,2,0,2,1,2,10.813039581054305,40.25793194222207,32.73594746664955,False
random,137,3,0,2,1,2,4.938350010449379,35.11036993909079,36.691666360155715,False
random,137,4,3,1,2,5,10.470519397755336,45.52473289032307,23.78589812677271,True
random,137,5,3,1,2,5,14.167321910131893,45.52473289032307,23.78589812677271,True
random,138,0,0,2,1,2,5.107595729977799,30.186433959860036,37.20882295736504,True
random,138,1,0,2,1,2,10.883820365568232,40.23666055874351,32.79187845879589,False
random,138,2,0,2,1,2,10.813039581054305,40.25793194222207,32.73594746664955,False
random,138,3,0,2,1,2,4.938350010449379,35.11036993909079,36.691666360155715,False
random,138,4,1,2,1,2,16.792211054661728,24.554072723731323,40.18437754754862,True
random,138,5,3,1,2,5,13.716744474752426,45.52255453984588,23.792634616635716,True
random,139,0,0,2,1,2,4.670335768094474,30.182993377669384,37.21665657350316,True
random,139,1,0,2,1,2,10.883820365568232,40.23666055874351,32.79187845879589,False
random,139,2,0,2,1,2,10.813039581054305,40.25793194222207,32.73594746664955,False
random,139,3,0,2,1,2,4.938350010449379,35.11036993909079,36.691666360155715,False
random,139,4,3,1,2,5,10.44442465445069,45.52037618936868,23.79937110649872,True
random,139,5,3,1,2,5,13.266167967238935,45.52037618936868,23.79937110649872,True
random,140,0,0,2,1,2,4.233080663018072,30.17955279547873,37.22449018964128,True
random,140,1,0,2,1,2,10.883820365568232,40.23666055874351,32.79187845879589,False
random,140,2,0,2,1,2,10.813039581054305,40.25793194222207,32.73594746664955,False
random,140,3,0,2,1,2,4.938350010449379,35.11036993909079,36.691666360155715,False
random,140,4,1,2,1,2,16.79378349093396,24.549513422843305,40.20295718586725,True
random,140,5,1,2,1,2,13.86424915028112,24.549513422843305,40.20295718586725,True
random,141,0,3,1,2,5,16.626556137769672,45.516019488414294,23.812844086224732,True
random,141,1,0,2,1,2,10.883820365568232,40.23666055874351,32.79187845879589,False
random,141,2,0,2,1,2,10.813039581054305,40.25793194222207,32.73594746664955,False
random,141,3,0,2,1,2,4.938350010449379,35.11036993909079,36.691666360155715,False
random,141,4,3,1,2,5,10.42025325948589,45.516019488414294,23.812844086224732,True
random,141,5,3,1,2,5,13.249967711261208,45.516019488414294,23.812844086224732,True
random,142,0,1,2,1,2,10.593594383622968,24.544954121955286,40.221536824185876,True
random,142,1,0,2,1,2,10.883820365568232,40.23666055874351,32.79187845879589,False
random,142,2,0,2,1,2,10.813039581054305,40.25793194222207,32.73594746664955,False
random,142,3,0,2,1,2,4.938350010449379,35.11036993909079,36.691666360155715,False
random,142,4,3,1,2,5,9.969461251613575,45.5138411379371,23.819580576087738,True
random,142,5,3,1,2,5,12.799410250611656,45.5138411379371,23.819580576087738,True
random,143,0,0,2,1,2,3.8063503471591824,30.169231048906774,37.247991038055645,True
random,143,1,0,2,1,2,10.883820365568232,40.23666055874351,32.79187845879589,False
random,143,2,0,2,1,2,10.813039581054305,40.25793194222207,32.73594746664955,False
random,143,3,0,2,1,2,4.938350010449379,35.11036993909079,36.691666360155715,False
random,143,4,0,2,1,2,10.922843935923977,30.169231048906774,37.247991038055645,True
random,143,5,3,1,2,5,12.348853805041088,45.511662787459905,23.826317065950743,True
random,144,0,3,1,2,5,17.038914175630865,45.50948443698271,23.83305355581375,True
random,144,1,0,2,1,2,10.883820365568232,40.23666055874351,32.79187845879589,False
random,144,2,0,2,1,2,10.813039581054305,40.25793194222207,32.73594746664955,False
random,144,3,0,2,1,2,4.938350010449379,35.11036993909079,36.691666360155715,False
random,144,4,3,1,2,5,9.952043533720145,45.50948443698271,23.83305355581375,True
random,144,5,3,1,2,5,11.898298413332753,45.50948443698271,23.83305355581375,True
random,145,0,1,2,1,2,10.16155172598495,24.538115170623257,40.249406281663816,True
random,145,1,0,2,1,2,10.883820365568232,40.23666055874351,32.79187845879589,False
random,145,2,0,2,1,2,10.813039581054305,40.25793194222207,32.73594746664955,False
random,145,3,0,2,1,2,4.938350010449379,35.11036993909079,36.691666360155715,False
random,145,4,1,2,1,2,17.24470007850644,24.538115170623257,40.249406281663816,True
random,145,5,1,2,1,2,15.220315481819933,24.538115170623257,40.249406281663816,True
random,146,0,1,2,1,2,9.72384987143367,24.535835520179248,40.25869610082313,True
random,146,1,0,2,1,2,10.883820365568232,40.23666055874351,32.79187845879589,False
random,146,2,0,2,1,2,10.813039581054305,40.25793194222207,32.73594746664955,False
random,146,3,0,2,1,2,4.938350010449379,35.11036993909079,36.691666360155715,False
random,146,4,3,1,2,5,9.931175810254384,45.50512773602832,23.84652653553976,True
random,146,5,0,2,1,2,8.506575696020509,30.158909302334816,37.27149188647001,True
random,147,0,1,2,1,2,9.286152860975205,24.53355586973524,40.26798591998244,True
random,147,1,0,2,1,2,10.883820365568232,40.23666055874351,32.79187845879589,False
random,147,2,0,2,1,2,10.813039581054305,40.25793194222207,32.73594746664955,False
random,147,3,0,2,1,2,4.938350010449379,35.11036993909079,36.691666360155715,False
random,147,4,3,1,2,5,9.480438237276351,45.502949385551126,23.853263025402764,True
random,147,5,0,2,1,2,8.069853862173167,30.155468720144164,37.27932550260813,True
random,148,0,3,1,2,5,17.87946297638728,45.50077103507393,23.85999951526577,True
random,148,1,0,2,1,2,10.883820365568232,40.23666055874351,32.79187845879589,False
random,148,2,0,2,1,2,10.813039581054305,40.25793194222207,32.73594746664955,False
random,148,3,0,2,1,2,4.938350010449379,35.11036993909079,36.691666360155715,False
random,148,4,3,1,2,5,9.029701802254273,45.50077103507393,23.85999951526577,True
random,148,5,0,2,1,2,7.633133756437346,30.15202813795351,37.28715911874625,True
random,149,0,3,1,2,5,17.42892521454542,45.49859268459674,23.866736005128775,True
random,149,1,0,2,1,2,10.883820365568232,40.23666055874351,32.79187845879589,False
random,149,2,0,2,1,2,10.813039581054305,40.25793194222207,32.73594746664955,False
random,149,3,0,2,1,2,4.938350010449379,35.11036993909079,36.691666360155715,False
random,149,4,3,1,2,5,8.578966565169075,45.49859268459674,23.866736005128775,True
random,149,5,1,2,1,2,13.478036996988466,24.52899656884722,40.28656555830107,True
random,150,0,3,1,2,5,16.97838820844524,45.49641433411954,23.87347249499178,True
random,150,1,0,2,1,2,10.883820365568232,40.23666055874351,32.79187845879589,False
random,150,2,0,2,1,2,10.813039581054305,40.25793194222207,32.73594746664955,False
random,150,3,0,2,1,2,4.938350010449379,35.11036993909079,36.691666360155715,False
random,150,4,3,1,2,5,8.128232592580162,45.49641433411954,23.87347249499178,True
random,150,5,1,2,1,2,13.040772196617713,24.52671691840321,40.295855377460384,True
random,151,0,3,1,2,5,16.52785197897152,45.49423598364235,23.880208984854786,True
random,151,1,0,2,1,2,10.883820365568232,40.23666055874351,32.79187845879589,False
random,151,2,0,2,1,2,10.813039581054305,40.25793194222207,32.73594746664955,False
random,151,3,0,2,1,2,4.938350010449379,35.11036993909079,36.691666360155715,False
random,151,4,3,1,2,5,7.677499958765167,45.49423598364235,23.880208984854786,True
random,151,5,1,2,1,2,12.603510512004807,24.5244372679592,40.3051451966197,True
random,152,0,3,1,2,5,16.07731654817973,45.49205763316515,23.88694547471779,True
random,152,1,0,2,1,2,10.883820365568232,40.23666055874351,32.79187845879589,False
random,152,2,0,2,1,2,10.813039581054305,40.25793194222207,32.73594746664955,False
random,152,3,0,2,1,2,4.938350010449379,35.11036993909079,36.691666360155715,False
random,152,4,3,1,2,5,7.226768747138611,45.49205763316515,23.88694547471779,True
random,152,5,0,2,1,2,5.895468343206019,30.1382658091909,37.31849358329874,True
random,153,0,3,1,2,5,15.626781939396846,45.48987928268796,23.893681964580797,True
random,153,1,0,2,1,2,10.883820365568232,40.23666055874351,32.79187845879589,False
random,153,2,0,2,1,2,10.813039581054305,40.25793194222207,32.73594746664955,False
random,153,3,0,2,1,2,4.938350010449379,35.11036993909079,36.691666360155715,False
random,153,4,3,1,2,5,6.776039052040189,45.48987928268796,23.893681964580797,True
random,153,5,1,2,1,2,11.732803708156247,24.51987796707118,40.323724834938325,True
random,154,0,0,2,1,2,5.227175210433425,30.131384644809597,37.33416081557498,True
random,154,1,0,2,1,2,10.883820365568232,40.23666055874351,32.79187845879589,False
random,154,2,0,2,1,2,10.813039581054305,40.25793194222207,32.73594746664955,False
random,154,3,0,2,1,2,4.938350010449379,35.11036993909079,36.691666360155715,False
random,154,4,3,1,2,5,6.3253109810214205,45.487700932210764,23.900418454443802,True
random,154,5,0,2,1,2,5.026600652383352,30.131384644809597,37.33416081557498,True
random,155,0,3,1,2,5,15.614557242704691,45.48552258173357,23.907154944306807,True
random,155,1,0,2,1,2,10.883820365568232,40.23666055874351,32.79187845879589,False
random,155,2,0,2,1,2,10.813039581054305,40.25793194222207,32.73594746664955,False
random,155,3,0,2,1,2,4.938350010449379,35.11036993909079,36.691666360155715,False
random,155,4,1,2,1,2,20.81722874957478,24.515318666183163,40.34230447325695,True
random,155,5,1,2,1,2,10.863126435773138,24.515318666183163,40.34230447325695,True
random,156,0,0,2,1,2,5.242560650645717,30.12450348042829,37.349828047851226,True
random,156,1,0,2,1,2,10.883820365568232,40.23666055874351,32.79187845879589,False
random,156,2,0,2,1,2,10.813039581054305,40.25793194222207,32.73594746664955,False
random,156,3,0,2,1,2,4.938350010449379,35.11036993909079,36.691666360155715,False
random,156,4,3,1,2,5,6.308406998455858,45.483344231256375,23.913891434169813,True
random,156,5,0,2,1,2,4.159175366077364,30.12450348042829,37.349828047851226,True
random,157,0,3,1,2,5,15.602358801605561,45.48116588077918,23.920627924032818,True
random,157,1,0,2,1,2,10.883820365568232,40.23666055874351,32.79187845879589,False
random,157,2,0,2,1,2,10.813039581054305,40.25793194222207,32.73594746664955,False
random,157,3,0,2,1,2,4.938350010449379,35.11036993909079,36.691666360155715,False
random,157,4,3,1,2,5,5.857717992142019,45.48116588077918,23.920627924032818,True
random,157,5,1,2,1,2,9.99503013882206,24.510759365295144,40.36088411157558,True
random,158,0,3,1,2,5,15.151831162566475,45.478987530301985,23.927364413895823,True
random,158,1,0,2,1,2,10.883820365568232,40.23666055874351,32.79187845879589,False
random,158,2,0,2,1,2,10.813039581054305,40.25793194222207,32.73594746664955,False
random,158,3,0,2,1,2,4.938350010449379,35.11036993909079,36.691666360155715,False
random,158,4,3,1,2,5,5.407030966339189,45.478987530301985,23.927364413895823,True
random,158,5,1,2,1,2,9.557677716806888,24.508479714851134,40.37017393073489,True
random,159,0,3,1,2,5,14.701304402893177,45.47680917982479,23.93410090375883,True
random,159,1,0,2,1,2,10.883820365568232,40.23666055874351,32.79187845879589,False
random,159,2,0,2,1,2,10.813039581054305,40.25793194222207,32.73594746664955,False
random,159,3,0,2,1,2,4.938350010449379,35.11036993909079,36.691666360155715,False
random,159,4,3,1,2,5,4.95634609882028,45.47680917982479,23.93410090375883,True
random,159,5,1,2,1,2,9.12032970722312,24.506200064407125,40.37946374989421,True
random,160,0,3,1,2,5,14.250778550711582,45.474630829347596,23.940837393621834,True
random,160,1,0,2,1,2,10.883820365568232,40.23666055874351,32.79187845879589,False
random,160,2,0,2,1,2,10.813039581054305,40.25793194222207,32.73594746664955,False
random,160,3,0,2,1,2,4.938350010449379,35.11036993909079,36.691666360155715,False
random,160,4,0,2,1,2,15.913557669887503,30.11074115166568,37.38116251240371,True
random,160,5,1,2,1,2,8.682986319990707,24.503920413963115,40.38875356905352,True
random,161,0,3,1,2,5,13.800253635980491,45.4724524788704,23.94757388348484,True
random,161,1,0,2,1,2,10.883820365568232,40.23666055874351,32.79187845879589,False
random,161,2,0,2,1,2,10.813039581054305,40.25793194222207,32.73594746664955,False
random,161,3,0,2,1,2,4.938350010449379,35.11036993909079,36.691666360155715,False
random,161,4,3,1,2,5,4.943176158724409,45.4724524788704,23.94757388348484,True
random,161,5,3,1,2,5,18.43518642941918,45.4724524788704,23.94757388348484,True
random,162,0,0,2,1,2,7.0666603688775975,30.103859987284377,37.396829744679955,True
random,162,1,0,2,1,2,10.883820365568232,40.23666055874351,32.79187845879589,False
random,162,2,0,2,1,2,10.813039581054305,40.25793194222207,32.73594746664955,False
random,162,3,0,2,1,2,4.938350010449379,35.11036993909079,36.691666360155715,False
random,162,4,0,2,1,2,15.928352640011182,30.103859987284377,37.396829744679955,True
random,162,5,1,2,1,2,8.69519017611388,24.499361113075096,40.40733320737215,True
random,163,0,3,1,2,5,13.788093763687195,45.46809577791601,23.96104686321085,True
random,163,1,0,2,1,2,10.883820365568232,40.23666055874351,32.79187845879589,False
random,163,2,0,2,1,2,10.813039581054305,40.25793194222207,32.73594746664955,False
random,163,3,0,2,1,2,4.938350010449379,35.11036993909079,36.691666360155715,False
random,163,4,3,1,2,5,4.930243998711065,45.46809577791601,23.96104686321085,True
random,163,5,1,2,1,2,8.25789334865733,24.497081462631087,40.41662302653146,True
random,164,0,3,1,2,5,13.337572137097352,45.46591742743882,23.967783353073855,True
random,164,1,0,2,1,2,10.883820365568232,40.23666055874351,32.79187845879589,False
random,164,2,0,2,1,2,10.813039581054305,40.25793194222207,32.73594746664955,False
random,164,3,0,2,1,2,4.938350010449379,35.11036993909079,36.691666360155715,False
random,164,4,0,2,1,2,15.943330566693154,30.096978822903072,37.4124969769562,True
random,164,5,1,2,1,2,7.82060154916561,24.494801812187077,40.425912845690775,True
random,165,0,3,1,2,5,12.887051517219145,45.46373907696162,23.97451984293686,True
random,165,1,0,2,1,2,10.883820365568232,40.23666055874351,32.79187845879589,False
random,165,2,0,2,1,2,10.813039581054305,40.25793194222207,32.73594746664955,False
random,165,3,0,2,1,2,4.938350010449379,35.11036993909079,36.691666360155715,False
random,165,4,3,1,2,5,4.917497591742386,45.46373907696162,23.97451984293686,True
random,165,5,3,1,2,5,19.29497344312252,45.46373907696162,23.97451984293686,True
random,166,0,0,2,1,2,7.9865240226807686,30.090097658521767,37.42816420923244,True
random,166,1,0,2,1,2,10.883820365568232,40.23666055874351,32.79187845879589,False
random,166,2,0,2,1,2,10.813039581054305,40.25793194222207,32.73594746664955,False
random,166,3,0,2,1,2,4.938350010449379,35.11036993909079,36.691666360155715,False
random,166,4,1,2,1,2,22.212333603969782,24.49024251129906,40.4444924840094,True
random,166,5,0,2,1,2,1.6875927611464705,30.090097658521767,37.42816420923244,True
random,167,0,3,1,2,5,12.874902251793158,45.459382376007234,23.98799282266287,True
random,167,1,0,2,1,2,10.883820365568232,40.23666055874351,32.79187845879589,False
random,167,2,0,2,1,2,10.813039581054305,40.25793194222207,32.73594746664955,False
random,167,3,0,2,1,2,4.938350010449379,35.11036993909079,36.691666360155715,False
random,167,4,3,1,2,5,4.903251094736749,45.459382376007234,23.98799282266287,True
random,167,5,0,2,1,2,1.251668578577663,30.086657076331115,37.43599782537056,True
random,168,0,3,1,2,5,12.42438473459963,45.45720402553004,23.994729312525877,True
random,168,1,0,2,1,2,10.883820365568232,40.23666055874351,32.79187845879589,False
random,168,2,0,2,1,2,10.813039581054305,40.25793194222207,32.73594746664955,False
random,168,3,0,2,1,2,4.938350010449379,35.11036993909079,36.691666360155715,False
random,168,4,3,1,2,5,4.452666403218826,45.45720402553004,23.994729312525877,True
random,168,5,1,2,1,2,7.059497967124312,24.48568321041104,40.46307212232803,True
random,169,0,0,2,1,2,8.45421829024502,30.07977591194981,37.45166505764681,True
random,169,1,0,2,1,2,10.883820365568232,40.23666055874351,32.79187845879589,False
random,169,2,0,2,1,2,10.813039581054305,40.25793194222207,32.73594746664955,False
random,169,3,0,2,1,2,4.938350010449379,35.11036993909079,36.691666360155715,False
random,169,4,0,2,1,2,16.426703799114094,30.07977591194981,37.45166505764681,True
random,169,5,1,2,1,2,6.6219048012278785,24.48340355996703,40.47236194148734,True
random,170,0,3,1,2,5,12.41224036550789,45.45284732457565,24.008202292251887,True
random,170,1,0,2,1,2,10.883820365568232,40.23666055874351,32.79187845879589,False
random,170,2,0,2,1,2,10.813039581054305,40.25793194222207,32.73594746664955,False
random,170,3,0,2,1,2,4.938350010449379,35.11036993909079,36.691666360155715,False
random,170,4,3,1,2,5,4.440313299922226,45.45284732457565,24.008202292251887,True
random,170,5,1,2,1,2,6.184318598469131,24.48112390952302,40.481651760646656,True
random,171,0,0,2,1,2,8.469723713591478,30.072894747568505,37.46733228992305,True
random,171,1,0,2,1,2,10.883820365568232,40.23666055874351,32.79187845879589,False
random,171,2,0,2,1,2,10.813039581054305,40.25793194222207,32.73594746664955,False
random,171,3,0,2,1,2,4.938350010449379,35.11036993909079,36.691666360155715,False
random,171,4,3,1,2,5,3.9897449852758378,45.450668974098456,24.014938782114893,True
random,171,5,0,2,1,2,0.7273807367687248,30.072894747568505,37.46733228992305,True
random,172,0,3,1,2,5,12.400098012646461,45.44849062362126,24.021675271977898,True
random,172,1,0,2,1,2,10.883820365568232,40.23666055874351,32.79187845879589,False
random,172,2,0,2,1,2,10.813039581054305,40.25793194222207,32.73594746664955,False
random,172,3,0,2,1,2,4.938350010449379,35.11036993909079,36.691666360155715,False
random,172,4,1,2,1,2,23.1408218226861,24.476564608635,40.50023139896528,True
random,172,5,1,2,1,2,6.124378101259592,24.476564608635,40.50023139896528,True
random,173,0,3,1,2,5,11.949585168103555,45.446312273144066,24.028411761840903,True
random,173,1,0,2,1,2,10.883820365568232,40.23666055874351,32.79187845879589,False
random,173,2,0,2,1,2,10.813039581054305,40.25793194222207,32.73594746664955,False
random,173,3,0,2,1,2,4.938350010449379,35.11036993909079,36.691666360155715,False
random,173,4,3,1,2,5,3.9764330926493323,45.446312273144066,24.028411761840903,True
random,173,5,1,2,1,2,5.68653484130032,24.474284958190992,40.5095212181246,True
random,174,0,0,2,1,2,8.937429272167643,30.062573000996547,37.490833138337415,True
random,174,1,0,2,1,2,10.883820365568232,40.23666055874351,32.79187845879589,False
random,174,2,0,2,1,2,10.813039581054305,40.25793194222207,32.73594746664955,False
random,174,3,0,2,1,2,4.938350010449379,35.11036993909079,36.691666360155715,False
random,174,4,0,2,1,2,16.910537474484588,30.062573000996547,37.490833138337415,True
random,174,5,1,2,1,2,5.248700354793601,24.472005307746983,40.51881103728391,True
random,175,0,3,1,2,5,11.937445299209424,45.44195557218968,24.041884741566914,True
random,175,1,0,2,1,2,10.883820365568232,40.23666055874351,32.79187845879589,False
random,175,2,0,2,1,2,10.813039581054305,40.25793194222207,32.73594746664955,False
random,175,3,0,2,1,2,4.938350010449379,35.11036993909079,36.691666360155715,False
random,175,4,3,1,2,5,3.964269205226966,45.44195557218968,24.041884741566914,True
random,175,5,3,1,2,5,21.924378936851504,45.44195557218968,24.041884741566914,True
random,176,0,1,2,1,2,15.216033412395776,24.467446006858964,40.53739067560254,True
random,176,1,0,2,1,2,10.883820365568232,40.23666055874351,32.79187845879589,False
random,176,2,0,2,1,2,10.813039581054305,40.25793194222207,32.73594746664955,False
random,176,3,0,2,1,2,4.938350010449379,35.11036993909079,36.691666360155715,False
random,176,4,0,2,1,2,16.926030827728873,30.055691836615242,37.50650037061366,True
random,176,5,1,2,1,2,5.25598102454512,24.467446006858964,40.53739067560254,True
random,177,0,3,1,2,5,11.923698450243737,45.43759887123529,24.055357721292925,True
random,177,1,0,2,1,2,10.883820365568232,40.23666055874351,32.79187845879589,False
random,177,2,0,2,1,2,10.813039581054305,40.25793194222207,32.73594746664955,False
random,177,3,0,2,1,2,4.938350010449379,35.11036993909079,36.691666360155715,False
random,177,4,3,1,2,5,3.9521212230551446,45.43759887123529,24.055357721292925,True
random,177,5,1,2,1,2,4.818274390878839,24.465166356414954,40.54668049476185,True
random,178,0,0,2,1,2,8.970487261110652,30.048810672233937,37.5221676028899,True
random,178,1,0,2,1,2,10.883820365568232,40.23666055874351,32.79187845879589,False
random,178,2,0,2,1,2,10.813039581054305,40.25793194222207,32.73594746664955,False
random,178,3,0,2,1,2,4.938350010449379,35.11036993909079,36.691666360155715,False
random,178,4,3,1,2,5,3.501608072422803,45.43542052075809,24.06209421115593,True
random,178,5,0,2,1,2,1.9906529210363417,30.048810672233937,37.5221676028899,True
random,179,0,1,2,1,2,14.794108400785635,24.460607055526935,40.56526013308048,True
random,179,1,0,2,1,2,10.883820365568232,40.23666055874351,32.79187845879589,False
random,179,2,0,2,1,2,10.813039581054305,40.25793194222207,32.73594746664955,False
random,179,3,0,2,1,2,4.938350010449379,35.11036993909079,36.691666360155715,False
random,179,4,3,1,2,5,3.0510990031058918,45.4332421702809,24.068830701018936,True
random,179,5,1,2,1,2,4.827381609760642,24.460607055526935,40.56526013308048,True
random,180,0,3,1,2,5,12.348481506324154,45.431063819803704,24.07556719088194,True
random,180,1,0,2,1,2,10.883820365568232,40.23666055874351,32.79187845879589,False
random,180,2,0,2,1,2,10.813039581054305,40.25793194222207,32.73594746664955,False
random,180,3,0,2,1,2,4.938350010449379,35.11036993909079,36.691666360155715,False
random,180,4,0,2,1,2,17.845909441678124,30.041929507852632,37.537834835166144,True
random,180,5,0,2,1,2,1.9748290594322266,30.041929507852632,37.537834835166144,True
random,181,0,3,1,2,5,11.897997866371103,45.42888546932651,24.082303680744946,True
random,181,1,0,2,1,2,10.883820365568232,40.23666055874351,32.79187845879589,False
random,181,2,0,2,1,2,10.813039581054305,40.25793194222207,32.73594746664955,False
random,181,3,0,2,1,2,4.938350010449379,35.11036993909079,36.691666360155715,False
random,181,4,3,1,2,5,3.03897525463243,45.42888546932651,24.082303680744946,True
random,181,5,3,1,2,5,21.90818217755676,45.42888546932651,24.082303680744946,True
random,182,0,3,1,2,5,11.447515396856508,45.426707118849315,24.08904017060795,True
random,182,1,0,2,1,2,10.883820365568232,40.23666055874351,32.79187845879589,False
random,182,2,0,2,1,2,10.813039581054305,40.25793194222207,32.73594746664955,False
random,182,3,0,2,1,2,4.938350010449379,35.11036993909079,36.691666360155715,False
random,182,4,3,1,2,5,2.588477568514243,45.426707118849315,24.08904017060795,True
random,182,5,1,2,1,2,5.2831726792679055,24.453768104194907,40.59312959055842,True
random,183,0,0,2,1,2,9.455780751979834,30.031607761280675,37.56133568358051,True
random,183,1,0,2,1,2,10.883820365568232,40.23666055874351,32.79187845879589,False
random,183,2,0,2,1,2,10.813039581054305,40.25793194222207,32.73594746664955,False
random,183,3,0,2,1,2,4.938350010449379,35.11036993909079,36.691666360155715,False
random,183,4,3,1,2,5,2.1379856477290136,45.42452876837212,24.095776660470957,True
random,183,5,1,2,1,2,4.845463146008731,24.451488453750898,40.60241940971773,True
random,184,0,3,1,2,5,11.435328102628443,45.422350417894926,24.102513150333962,True
random,184,1,0,2,1,2,10.883820365568232,40.23666055874351,32.79187845879589,False
random,184,2,0,2,1,2,10.813039581054305,40.25793194222207,32.73594746664955,False
random,184,3,0,2,1,2,4.938350010449379,35.11036993909079,36.691666360155715,False
random,184,4,3,1,2,5,1.687500923862956,45.422350417894926,24.102513150333962,True
random,184,5,3,1,2,5,22.32412907040221,45.422350417894926,24.102513150333962,True
random,185,0,0,2,1,2,9.471253478973544,30.02472659689937,37.57700291585675,True
random,185,1,0,2,1,2,10.883820365568232,40.23666055874351,32.79187845879589,False
random,185,2,0,2,1,2,10.813039581054305,40.25793194222207,32.73594746664955,False
random,185,3,0,2,1,2,4.938350010449379,35.11036993909079,36.691666360155715,False
random,185,4,0,2,1,2,19.21792620339072,30.02472659689937,37.57700291585675,True
random,185,5,1,2,1,2,4.8546046880482745,24.44692915286288,40.62099904803636,True
random,186,0,0,2,1,2,9.03460004851813,30.021286014708718,37.584836531994874,True
random,186,1,0,2,1,2,10.883820365568232,40.23666055874351,32.79187845879589,False
random,186,2,0,2,1,2,10.813039581054305,40.25793194222207,32.73594746664955,False
random,186,3,0,2,1,2,4.938350010449379,35.11036993909079,36.691666360155715,False
random,186,4,3,1,2,5,1.6754010472914267,45.417993716940536,24.115986130059973,True
random,186,5,1,2,1,2,4.417015956776842,24.44464950241887,40.630288867195674,True
random,187,0,0,2,1,2,8.597948036506944,30.017845432518065,37.592670148132996,True
random,187,1,0,2,1,2,10.883820365568232,40.23666055874351,32.79187845879589,False
random,187,2,0,2,1,2,10.813039581054305,40.25793194222207,32.73594746664955,False
random,187,3,0,2,1,2,4.938350010449379,35.11036993909079,36.691666360155715,False
random,187,4,3,1,2,5,1.2249311114851307,45.41581536646334,24.12272261992298,True
random,187,5,3,1,2,5,22.74318690585161,45.41581536646334,24.12272261992298,True
random,188,0,0,2,1,2,8.161297514278274,30.014404850327413,37.60050376427112,True
random,188,1,0,2,1,2,10.883820365568232,40.23666055874351,32.79187845879589,False
random,188,2,0,2,1,2,10.813039581054305,40.25793194222207,32.73594746664955,False
random,188,3,0,2,1,2,4.938350010449379,35.11036993909079,36.691666360155715,False
random,188,4,1,2,1,2,25.923877266682233,24.44009020153085,40.6488685055143,True
random,188,5,3,1,2,5,22.292791425896755,45.41363701598615,24.129459109785984,True
random,189,0,3,1,2,5,12.738034238370231,45.41145866550895,24.13619559964899,True
random,189,1,0,2,1,2,10.883820365568232,40.23666055874351,32.79187845879589,False
random,189,2,0,2,1,2,10.813039581054305,40.25793194222207,32.73594746664955,False
random,189,3,0,2,1,2,4.938350010449379,35.11036993909079,36.691666360155715,False
random,189,4,1,2,1,2,25.486966868365194,24.43781055108684,40.658158324673614,True
random,189,5,3,1,2,5,21.84239661272047,45.41145866550895,24.13619559964899,True
random,190,0,3,1,2,5,12.287545785830412,45.40928031503176,24.142932089511994,True
random,190,1,0,2,1,2,10.883820365568232,40.23666055874351,32.79187845879589,False
random,190,2,0,2,1,2,10.813039581054305,40.25793194222207,32.73594746664955,False
random,190,3,0,2,1,2,4.938350010449379,35.11036993909079,36.691666360155715,False
random,190,4,0,2,1,2,18.813476421104326,30.007523685946108,37.61617099654736,True
random,190,5,0,2,1,2,1.164918071759239,30.007523685946108,37.61617099654736,True
random,191,0,3,1,2,5,11.837058461070521,45.40710196455456,24.149668579375,True
random,191,1,0,2,1,2,10.883820365568232,40.23666055874351,32.79187845879589,False
random,191,2,0,2,1,2,10.813039581054305,40.25793194222207,32.73594746664955,False
random,191,3,0,2,1,2,4.938350010449379,35.11036993909079,36.691666360155715,False
random,191,4,1,2,1,2,24.6138463261522,24.433251250198822,40.67673796299224,True
random,191,5,0,2,1,2,0.7166577812836711,30.004083103755455,37.62400461268548,True
random,192,0,3,1,2,5,11.386572309061721,45.40492361407737,24.156405069238005,True
random,192,1,0,2,1,2,10.883820365568232,40.23666055874351,32.79187845879589,False
random,192,2,0,2,1,2,10.813039581054305,40.25793194222207,32.73594746664955,False
random,192,3,0,2,1,2,4.938350010449379,35.11036993909079,36.691666360155715,False
random,192,4,3,1,2,5,2.5278696081726593,45.40492361407737,24.156405069238005,True
random,192,5,0,2,1,2,0.26854818959238735,30.000642521564803,37.631838228823604,True
random,193,0,3,1,2,5,10.936087378458927,45.402745263600174,24.16314155910101,True
random,193,1,0,2,1,2,10.883820365568232,40.23666055874351,32.79187845879589,False
random,193,2,0,2,1,2,10.813039581054305,40.25793194222207,32.73594746664955,False
random,193,3,0,2,1,2,4.938350010449379,35.11036993909079,36.691666360155715,False
random,193,4,3,1,2,5,2.077499704330035,45.402745263600174,24.16314155910101,True
random,193,5,0,2,1,2,0.008555883800641187,29.99720193937415,37.639671844961725,True
random,194,0,3,1,2,5,10.48560372207063,45.40056691312298,24.169878048964016,True
random,194,1,0,2,1,2,10.883820365568232,40.23666055874351,32.79187845879589,False
random,194,2,0,2,1,2,10.813039581054305,40.25793194222207,32.73594746664955,False
random,194,3,0,2,1,2,4.938350010449379,35.11036993909079,36.691666360155715,False
random,194,4,3,1,2,5,1.6271380409893823,45.40056691312298,24.169878048964016,True
random,194,5,0,2,1,2,0.008555883800641187,29.993761357183498,37.64750546109985,True
random,195,0,3,1,2,5,10.035121397411949,45.398388562645785,24.17661453882702,True
random,195,1,0,2,1,2,10.883820365568232,40.23666055874351,32.79187845879589,False
random,195,2,0,2,1,2,10.813039581054305,40.25793194222207,32.73594746664955,False
random,195,3,0,2,1,2,4.938350010449379,35.11036993909079,36.691666360155715,False
random,195,4,3,1,2,5,1.1767874656339203,45.398388562645785,24.17661453882702,True
random,195,5,0,2,1,2,0.008555883800641187,29.990320774992846,37.65533907723797,True
random,196,0,3,1,2,5,9.58464046736022,45.39621021216859,24.183351028690026,True
random,196,1,0,2,1,2,10.883820365568232,40.23666055874351,32.79187845879589,False
random,196,2,0,2,1,2,10.813039581054305,40.25793194222207,32.73594746664955,False
random,196,3,0,2,1,2,4.938350010449379,35.11036993909079,36.691666360155715,False
random,196,4,1,2,1,2,25.984776882964766,24.421852997978775,40.72318705878881,True
random,196,5,0,2,1,2,0.008555883800641187,29.986880192802193,37.66317269337609,True
random,197,0,3,1,2,5,9.134161000938013,45.394031861691396,24.19008751855303,True
random,197,1,0,2,1,2,10.883820365568232,40.23666055874351,32.79187845879589,False
random,197,2,0,2,1,2,10.813039581054305,40.25793194222207,32.73594746664955,False
random,197,3,0,2,1,2,4.938350010449379,35.11036993909079,36.691666360155715,False
random,197,4,3,1,2,5,1.1650251543013872,45.394031861691396,24.19008751855303,True
random,197,5,0,2,1,2,0.008555883800641187,29.98343961061154,37.67100630951421,True
random,198,0,3,1,2,5,8.683683074256084,45.3918535112142,24.196824008416037,True
random,198,1,0,2,1,2,10.883820365568232,40.23666055874351,32.79187845879589,False
random,198,2,0,2,1,2,10.813039581054305,40.25793194222207,32.73594746664955,False
random,198,3,0,2,1,2,4.938350010449379,35.11036993909079,36.691666360155715,False
random,198,4,1,2,1,2,25.99986043758667,24.417293697090756,40.74176669710744,True
random,198,5,0,2,1,2,0.008555883800641187,29.979999028420888,37.67883992565233,True
random,199,0,3,1,2,5,8.233206771659189,45.389675160737006,24.203560498279042,True
random,199,1,0,2,1,2,10.883820365568232,40.23666055874351,32.79187845879589,False
random,199,2,0,2,1,2,10.813039581054305,40.25793194222207,32.73594746664955,False
random,199,3,0,2,1,2,4.938350010449379,35.11036993909079,36.691666360155715,False
random,199,4,1,2,1,2,25.562961456265956,24.415014046646746,40.75105651626675,True
random,199,5,0,2,1,2,0.008555883800641187,29.976558446230236,37.686673541790455,True
heuristic,0,0,3,1,2,5,15.47151011645859,45.823166905698734,22.86299901554098,True
heuristic,0,1,4,1,2,5,26.068270378148124,40.50609808280531,32.08341922494295,True
heuristic,0,2,0,2,1,2,34.100322646466765,30.661234302170076,36.127783930304254,True
heuristic,0,3,1,2,1,2,39.82647623428711,24.86866448500463,38.902382503563345,True
heuristic,0,4,3,1,2,5,15.811941877202358,45.823166905698734,22.86299901554098,True
heuristic,0,5,4,1,2,5,26.47474440036098,40.50609808280531,32.08341922494295,True
heuristic,1,0,3,1,2,5,15.03391123919324,45.82098855522154,22.869735505403984,True
heuristic,1,1,4,1,2,5,25.630433631594308,40.503734595752135,32.08963377962587,True
heuristic,1,2,0,2,1,2,33.66440393960841,30.657793719979423,36.135617546442376,True
heuristic,1,3,1,2,1,2,39.39098756995071,24.86638483456062,38.91167232272266,True
heuristic,1,4,3,1,2,5,15.374364690837021,45.82098855522154,22.869735505403984,True
heuristic,1,5,4,1,2,5,26.03689885917728,40.503734595752135,32.08963377962587,True
heuristic,2,0,3,1,2,5,14.596312582221485,45.818810204744345,22.87647199526699,True
heuristic,2,1,4,1,2,5,25.192596906489783,40.50137110869896,32.09584833430879,True
heuristic,2,2,0,2,1,2,33.22848524814489,30.65435313778877,36.1434511625805,True
heuristic,2,3,1,2,1,2,38.955499193836744,24.86410518411661,38.92096214188197,True
heuristic,2,4,3,1,2,5,14.93678770018969,45.818810204744345,22.87647199526699,True
heuristic,2,5,4,1,2,5,25.599053343603636,40.50137110869896,32.09584833430879,True
heuristic,3,0,3,1,2,5,14.158714152039934,45.81663185426715,22.883208485129995,True
heuristic,3,1,4,1,2,5,24.754760203199258,40.49900762164579,32.10206288899171,True
heuristic,3,2,0,2,1,2,32.79256657227154,30.65091255559812,36.15128477871862,True
heuristic,3,3,1,2,1,2,38.52001110905194,24.8618255336726,38.930251961041286,True
heuristic,3,4,3,1,2,5,14.499210910897734,45.81663185426715,22.883208485129995,True
heuristic,3,5,4,1,2,5,25.161207854068547,40.49900762164579,32.10206288899171,True
heuristic,4,0,3,1,2,5,13.721115955546884,45.814453503789956,22.889944974993,True
heuristic,4,1,4,1,2,5,24.316923522100264,40.496644134592614,32.10827744367463,True
heuristic,4,2,0,2,1,2,32.35664791218882,30.647471973407466,36.15911839485674,True
heuristic,4,3,1,2,1,2,38.084523318772256,24.85954588322859,38.9395417802006,True
heuristic,4,4,3,1,2,5,14.061634328938732,45.814453503789956,22.889944974993,True
heuristic,4,5,4,1,2,5,24.72336239101534,40.496644134592614,32.10827744367463,True
heuristic,5,0,3,1,2,5,13.283518000080983,45.81227515331276,22.896681464856005,True
heuristic,5,1,4,1,2,5,23.879086863583833,40.49428064753944,32.11449199835755,True
heuristic,5,2,0,2,1,2,31.920729268102523,30.644031391216814,36.16695201099486,True
heuristic,5,3,1,2,1,2,37.64903582624515,24.857266232784582,38.94883159935991,True
heuristic,5,4,3,1,2,5,13.624057960662414,45.81227515331276,22.896681464856005,True
heuristic,5,5,4,1,2,5,24.285516954902935,40.49428064753944,32.11449199835755,True
heuristic,6,0,3,1,2,5,12.845920293465065,45.81009680283557,22.90341795471901,True
heuristic,6,1,4,1,2,5,23.441250228055267,40.49191716048627,32.12070655304047,True
heuristic,6,2,0,2,1,2,31.484810640223987,30.64059080902616,36.174785627132984,True
heuristic,6,3,1,2,1,2,37.21354863479212,24.854986582340572,38.95812141851923,True
heuristic,6,4,3,1,2,5,13.186481812826743,45.81009680283557,22.90341795471901,True
heuristic,6,5,4,1,2,5,23.847671546206715,40.49191716048627,32.12070655304047,True
heuristic,7,0,3,1,2,5,12.408322844056004,45.80791845235837,22.910154444582016,True
heuristic,7,1,4,1,2,5,23.003413615934914,40.48955367343309,32.12692110772339,True
heuristic,7,2,0,2,1,2,31.048892028770346,30.63715022683551,36.182619243271105,True
heuristic,7,3,1,2,1,2,36.77806174781121,24.852706931896563,38.96741123767854,True
heuristic,7,4,3,1,2,5,12.748905892638854,45.80791845235837,22.910154444582016,True
heuristic,7,5,4,1,2,5,23.409826165419407,40.48955367343309,32.12692110772339,True
heuristic,8,0,3,1,2,5,11.970725660801676,45.80574010188118,22.91689093444502,True
heuristic,8,1,4,1,2,5,22.565577027659035,40.48719018637992,32.13313566240631,True
heuristic,8,2,0,2,1,2,30.612973433964722,30.633709644644856,36.19045285940923,True
heuristic,8,3,1,2,1,2,36.34257516877976,24.850427281452554,38.976701056837854,True
heuristic,8,4,3,1,2,5,12.311330207801653,45.80574010188118,22.91689093444502,True
heuristic,8,5,4,1,2,5,22.971980813052067,40.48719018637992,32.13313566240631,True
heuristic,9,0,3,1,2,5,11.533128753306373,45.80356175140398,22.923627424308027,True
heuristic,9,1,4,1,2,5,22.127740463680727,40.484826699326746,32.13935021708923,True
heuristic,9,2,0,2,1,2,30.17705485603654,30.630269062454204,36.19828647554735,True
heuristic,9,3,1,2,1,2,35.90708890125722,24.848147631008544,38.98599087599717,True
heuristic,9,4,3,1,2,5,11.87375476656712,45.80356175140398,22.923627424308027,True
heuristic,9,5,4,1,2,5,22.534135489635126,40.484826699326746,32.13935021708923,True
heuristic,10,0,3,1,2,5,11.095532131906237,45.80138340092679,22.930363914171032,True
heuristic,10,1,4,1,2,5,21.68990392447094,40.48246321227357,32.14556477177215,True
heuristic,10,2,0,2,1,2,29.74113629522175,30.62682848026355,36.20612009168547,True
heuristic,10,3,1,2,1,2,35.4716029488881,24.845867980564535,38.99528069515648,True
heuristic,10,4,3,1,2,5,11.436179577797583,45.80138340092679,22.930363914171032,True
heuristic,10,5,4,1,2,5,22.096290195719526,40.48246321227357,32.14556477177215,True
heuristic,11,0,3,1,2,5,10.657935807756791,45.799205050449594,22.937100404034037,True
heuristic,11,1,4,1,2,5,21.25206741051953,40.4800997252204,32.15177932645507,True
heuristic,11,2,0,2,1,2,29.305217751763156,30.6233878980729,36.21395370782359,True
heuristic,11,3,1,2,1,2,35.036117315405086,24.843588330120525,39.004570514315795,True
heuristic,11,4,3,1,2,5,10.998604651036466,45.799205050449594,22.937100404034037,True
heuristic,11,5,4,1,2,5,21.65844493187792,40.4800997252204,32.15177932645507,True
heuristic,12,0,3,1,2,5,10.220339792935036,45.7970266999724,22.943836893897043,True
heuristic,12,1,4,1,2,5,20.814230922336453,40.477736238167225,32.15799388113799,True
heuristic,12,2,0,2,1,2,28.86929922591068,30.619947315882246,36.22178732396171,True
heuristic,12,3,1,2,1,2,34.60063200463231,24.841308679676516,39.01386033347511,True
heuristic,12,4,3,1,2,5,10.561029996590468,45.7970266999724,22.943836893897043,True
heuristic,12,5,4,1,2,5,21.220599698706017,40.477736238167225,32.15799388113799,True
heuristic,13,0,3,1,2,5,9.782744100559324,45.794848349495204,22.950573383760048,True
heuristic,13,1,4,1,2,5,20.376394460453014,40.47537275111405,32.16420843582091,True
heuristic,13,2,0,2,1,2,28.433380717921697,30.616506733691594,36.229620940099835,True
heuristic,13,3,1,2,1,2,34.165147020488774,24.839029029232506,39.02315015263442,True
heuristic,13,4,3,1,2,5,10.123455625625564,45.794848349495204,22.950573383760048,True
heuristic,13,5,4,1,2,5,20.78275449682398,40.47537275111405,32.16420843582091,True
heuristic,14,0,3,1,2,5,9.345148744931024,45.79266999901801,22.957309873623053,True
heuristic,14,1,4,1,2,5,19.938558025423262,40.47300926406088,32.17042299050383,True
heuristic,14,2,0,2,1,2,27.9974622280614,30.61306615150094,36.23745455623796,True
heuristic,14,3,1,2,1,2,33.72966236699196,24.836749378788497,39.032439971793735,True
heuristic,14,4,3,1,2,5,9.685881550279863,45.79266999901801,22.957309873623053,True
heuristic,14,5,4,1,2,5,20.344909326877996,40.47300926406088,32.17042299050383,True
heuristic,15,0,3,1,2,5,8.90755374170323,45.790491648540815,22.96404636348606,True
heuristic,15,1,4,1,2,5,19.500721617825484,40.470645777007704,32.17663754518675,True
heuristic,15,2,0,2,1,2,27.561543756603132,30.60962556931029,36.24528817237608,True
heuristic,15,3,1,2,1,2,33.29417804826157,24.834469728344487,39.04172979095305,True
heuristic,15,4,3,1,2,5,9.248307783797216,45.790491648540815,22.96404636348606,True
heuristic,15,5,4,1,2,5,19.90706418954194,40.470645777007704,32.17663754518675,True
heuristic,16,0,3,1,2,5,8.469959108083268,45.78831329806362,22.970782853349064,True
heuristic,16,1,4,1,2,5,19.062885238263824,40.46828228995453,32.18285209986967,True
heuristic,16,2,0,2,1,2,27.125625303828766,30.606184987119637,36.2531217885142,True
heuristic,16,3,1,2,1,2,32.85869406852359,24.832190077900478,39.05101961011236,True
heuristic,16,4,3,1,2,5,8.810734340686585,45.78831329806362,22.970782853349064,True
heuristic,16,5,4,1,2,5,19.469219085519235,40.46828228995453,32.18285209986967,True
heuristic,17,0,3,1,2,5,8.032364863077936,45.786134947586426,22.97751934321207,True
heuristic,17,1,4,1,2,5,18.625048887370106,40.465918802901356,32.18906665455259,True
heuristic,17,2,0,2,1,2,26.68970687002915,30.602744404928984,36.26095540465232,True
heuristic,17,3,1,2,1,2,32.4232104321144,24.82991042745647,39.060309429271676,True
heuristic,17,4,3,1,2,5,8.373161236913695,45.786134947586426,22.97751934321207,True
heuristic,17,5,4,1,2,5,19.031374015544802,40.465918802901356,32.18906665455259,True
heuristic,18,0,3,1,2,5,7.594771027793434,45.78395659710923,22.984255833075075,True
heuristic,18,1,4,1,2,5,18.187212565805744,40.46355531584818,32.19528120923551,True
heuristic,18,2,0,2,1,2,26.253788455504523,30.59930382273833,36.26878902079044,True
heuristic,18,3,1,2,1,2,31.987727143485245,24.82763077701246,39.06959924843099,True
heuristic,18,4,3,1,2,5,7.935588490133631,45.78395659710923,22.984255833075075,True
heuristic,18,5,4,1,2,5,18.593528980387273,40.46355531584818,32.19528120923551,True
heuristic,19,0,3,1,2,5,7.157177625806166,45.78177824663204,22.99099232293808,True
heuristic,19,1,4,1,2,5,17.749376274263927,40.46119182879501,32.20149576391843,True
heuristic,19,2,0,2,1,2,25.81787006056497,30.59586324054768,36.276622636928565,True
heuristic,19,3,1,2,1,2,31.552244207206883,24.82535112656845,39.0788890675903,True
heuristic,19,4,3,1,2,5,7.498016119975931,45.78177824663204,22.99099232293808,True
heuristic,19,5,4,1,2,5,18.15568398085137,40.46119182879501,32.20149576391843,True
heuristic,20,0,3,1,2,5,6.719584683626717,45.77959989615484,22.997728812801085,True
heuristic,20,1,4,1,2,5,17.311540013471934,40.458828341741835,32.20771031860135,True
heuristic,20,2,0,2,1,2,25.381951685530932,30.592422658357027,36.284456253066686,True
heuristic,20,3,1,2,1,2,31.11676162797448,24.82307147612444,39.08817888674962,True
heuristic,20,4,3,1,2,5,7.0604441483979565,45.77959989615484,22.997728812801085,True
heuristic,20,5,4,1,2,5,17.717839017780527,40.458828341741835,32.20771031860135,True
heuristic,21,0,3,1,2,5,6.2819922312883625,45.77742154567765,23.00446530266409,True
heuristic,21,1,4,1,2,5,16.873703784193776,40.45646485468866,32.21392487328427,True
heuristic,21,2,0,2,1,2,24.946033330733748,30.588982076166374,36.29228986920481,True
heuristic,21,3,1,2,1,2,30.681279410612827,24.82079182568043,39.09746870590893,True
heuristic,21,4,3,1,2,5,6.622872600128316,45.77742154567765,23.00446530266409,True
heuristic,21,5,4,1,2,5,17.279994092059745,40.45646485468866,32.21392487328427,True
heuristic,22,0,3,1,2,5,5.8444003031050125,45.77524319520045,23.011201792527096,True
heuristic,22,1,4,1,2,5,16.435867587233027,40.45410136763549,32.22013942796719,True
heuristic,22,2,0,2,1,2,24.510114996516194,30.58554149397572,36.30012348534293,True
heuristic,22,3,1,2,1,2,30.2457975600818,24.81851217523642,39.106758525068244,True
heuristic,22,4,3,1,2,5,6.185301503231095,45.77524319520045,23.011201792527096,True
heuristic,22,5,4,1,2,5,16.84214920461878,40.45410136763549,32.22013942796719,True
heuristic,23,0,3,1,2,5,5.4068089386645894,45.77306484472326,23.0179382823901,True
heuristic,23,1,4,1,2,5,15.998031423436007,40.451737880582314,32.22635398265011,True
heuristic,23,2,0,2,1,2,24.074196683233126,30.58210091178507,36.30795710148105,True
heuristic,23,3,1,2,1,2,29.810316081482156,24.81623252479241,39.11604834422756,True
heuristic,23,4,3,1,2,5,5.74773088983521,45.77306484472326,23.0179382823901,True
heuristic,23,5,4,1,2,5,16.40430435643566,40.451737880582314,32.22635398265011,True
heuristic,24,0,3,1,2,5,4.969218184157296,45.770886494246064,23.024674772253107,True
heuristic,24,1,4,1,2,5,15.560195293695326,40.44937439352914,32.23256853733303,True
heuristic,24,2,0,2,1,2,23.638278391252104,30.578660329594417,36.31579071761917,True
heuristic,24,3,1,2,1,2,29.374834980061692,24.813952874348402,39.12533816338687,True
heuristic,24,4,3,1,2,5,5.310160797094273,45.770886494246064,23.024674772253107,True
heuristic,24,5,4,1,2,5,15.966459548540525,40.44937439352914,32.23256853733303,True
heuristic,25,0,3,1,2,5,4.53162809419363,45.76870814376887,23.031411262116112,True
heuristic,25,1,4,1,2,5,15.122359198953776,40.44701090647597,32.23878309201595,True
heuristic,25,2,0,2,1,2,23.202360120954104,30.575219747403764,36.323624333757294,True
heuristic,25,3,1,2,1,2,28.93935426122171,24.811673223904393,39.134627982546185,True
heuristic,25,4,3,1,2,5,4.872591268476283,45.76870814376887,23.031411262116112,True
heuristic,25,5,4,1,2,5,15.528614782019973,40.44701090647597,32.23878309201595,True
heuristic,26,0,3,1,2,5,4.0940387343619316,45.766529793291674,23.038147751979118,True
heuristic,26,1,4,1,2,5,14.684523140208743,40.44464741942279,32.24499764669887,True
heuristic,26,2,0,2,1,2,22.766441872734273,30.571779165213112,36.331457949895416,True
heuristic,26,3,1,2,1,2,28.503873930523923,24.809393573460383,39.1439178017055,True
heuristic,26,4,3,1,2,5,4.43502235553881,45.766529793291674,23.038147751979118,True
heuristic,26,5,4,1,2,5,15.090770058021834,40.44464741942279,32.24499764669887,True
heuristic,27,0,3,1,2,5,3.656450184946511,45.76435144281448,23.044884241842123,True
heuristic,27,1,4,1,2,5,14.246687118517102,40.44228393236962,32.25121220138179,True
heuristic,27,2,0,2,1,2,22.33052364700274,30.56833858302246,36.33929156603354,True
heuristic,27,3,1,2,1,2,28.068393993697757,24.807113923016374,39.15320762086481,True
heuristic,27,4,3,1,2,5,3.997454120443146,45.76435144281448,23.044884241842123,True
heuristic,27,5,4,1,2,5,14.652925377760534,40.44228393236962,32.25121220138179,True
heuristic,28,0,3,1,2,5,3.2188625465537433,45.762173092337285,23.05162073170513,True
heuristic,28,1,4,1,2,5,13.808851135000737,40.439920445316446,32.25742675606471,True
heuristic,28,2,0,2,1,2,21.894605444185494,30.564898000831807,36.34712518217166,True
heuristic,28,3,1,2,1,2,27.632914456648123,24.804834272572364,39.162497440024126,True
heuristic,28,4,3,1,2,5,3.559886639639124,45.762173092337285,23.05162073170513,True
heuristic,28,5,4,1,2,5,14.215080742523098,40.439920445316446,32.25742675606471,True
heuristic,29,0,3,1,2,5,2.7812759490611727,45.75999474186009,23.058357221568134,True
heuristic,29,1,4,1,2,5,13.371015190852768,40.43755695826327,32.26364131074763,True
heuristic,29,2,0,2,1,2,21.45868726472532,30.561457418641155,36.35495879830978,True
heuristic,29,3,1,2,1,2,27.197435325463633,24.802554622128355,39.17178725918344,True
heuristic,29,4,3,1,2,5,3.1223200094969448,45.75999474186009,23.058357221568134,True
heuristic,29,5,4,1,2,5,13.777236153675902,40.43755695826327,32.26364131074763,True
heuristic,30,0,3,1,2,5,2.343690566796656,45.757816391382896,23.06509371143114,True
heuristic,30,1,4,1,2,5,12.933179287344597,40.4351934712101,32.26985586543055,True
heuristic,30,2,0,2,1,2,21.02276910908282,30.558016836450502,36.3627924144479,True
heuristic,30,3,1,2,1,2,26.761956606425407,24.800274971684345,39.18107707834275,True
heuristic,30,4,3,1,2,5,2.684754355380059,45.757816391382896,23.06509371143114,True
heuristic,30,5,4,1,2,5,13.339391612672289,40.4351934712101,32.26985586543055,True
heuristic,31,0,3,1,2,5,1.906106646597717,45.7556380409057,23.071830201294144,True
heuristic,31,1,4,1,2,5,12.495343425833926,40.432829984156925,32.27607042011347,True
heuristic,31,2,0,2,1,2,20.586850977737527,30.55457625425985,36.370626030586024,True
heuristic,31,3,1,2,1,2,26.326478306016398,24.797995321240336,39.19036689750207,True
heuristic,31,4,3,1,2,5,2.2471898472936007,45.7556380409057,23.071830201294144,True
heuristic,31,5,4,1,2,5,12.901547121061187,40.432829984156925,32.27607042011347,True
heuristic,32,0,3,1,2,5,1.4685245664204865,45.75345969042851,23.07856669115715,True
heuristic,32,1,4,1,2,5,12.057507607773903,40.43046649710375,32.28228497479639,True
heuristic,32,2,0,2,1,2,20.1509328711891,30.551135672069197,36.378459646724146,True
heuristic,32,3,1,2,1,2,25.891000430931356,24.795715670796326,39.19965671666138,True
heuristic,32,4,3,1,2,5,1.8096267294866695,45.75345969042851,23.07856669115715,True
heuristic,32,5,4,1,2,5,12.463702680496935,40.43046649710375,32.28228497479639,True
heuristic,33,0,3,1,2,5,1.0309449834008693,45.75128133995131,23.085303181020155,True
heuristic,33,1,4,1,2,5,11.619671834723611,40.42810301005058,32.28849952947931,True
heuristic,33,2,0,2,1,2,19.71501478995862,30.547695089878545,36.38629326286227,True
heuristic,33,3,1,2,1,2,25.455522988087466,24.793436020352317,39.208946535820694,True
heuristic,33,4,3,1,2,5,1.3720653844419464,45.75128133995131,23.085303181020155,True
heuristic,33,5,4,1,2,5,12.025858292750467,40.42810301005058,32.28849952947931,True
heuristic,34,0,3,1,2,5,0.5933693653852632,45.74910298947412,23.09203967088316,True
heuristic,34,1,4,1,2,5,11.181836108360178,40.425739522997404,32.29471408416223,True
heuristic,34,2,0,2,1,2,19.279096734590034,30.544254507687892,36.39412687900039,True
heuristic,34,3,1,2,1,2,25.020045984635697,24.791156369908308,39.21823635498001,True
heuristic,34,4,3,1,2,5,0.9345065041294672,45.74910298947412,23.09203967088316,True
heuristic,34,5,4,1,2,5,11.588013959722185,40.425739522997404,32.29471408416223,True
heuristic,35,0,3,1,2,5,0.1558055696152158,45.74692463899692,23.098776160746166,True
heuristic,35,1,4,1,2,5,10.744000430492779,40.42337603594423,32.30092863884515,True
heuristic,35,2,0,2,1,2,18.843178705651667,30.54081392549724,36.40196049513851,True
heuristic,35,3,1,2,1,2,24.58456942797295,24.788876719464298,39.22752617413932,True
heuristic,35,4,3,1,2,5,0.4969517872399237,45.74692463899692,23.098776160746166,True
heuristic,35,5,4,1,2,5,11.150169683456763,40.42337603594423,32.30092863884515,True
heuristic,36,0,3,1,2,5,0.007079936897732054,45.74474628851973,23.10551265060917,True
heuristic,36,1,4,1,2,5,10.30616480307898,40.421012548891056,32.30714319352807,True
heuristic,36,2,0,2,1,2,18.407260703737943,30.537373343306587,36.40979411127663,True
heuristic,36,3,1,2,1,2,24.149093325755064,24.78659706902029,39.236815993298634,True
heuristic,36,4,3,1,2,5,0.05942179633253237,45.74474628851973,23.10551265060917,True
heuristic,36,5,4,1,2,5,10.71232546616036,40.421012548891056,32.30714319352807,True
heuristic,37,0,3,1,2,5,0.007079936897732054,45.742567938042534,23.112249140472176,True
heuristic,37,1,4,1,2,5,9.868329228243898,40.41864906183788,32.31335774821099,True
heuristic,37,2,0,2,1,2,17.97134272947123,30.533932761115935,36.417627727414754,True
heuristic,37,3,1,2,1,2,23.71361768591074,24.78431741857628,39.24610581245795,True
heuristic,37,4,3,1,2,5,0.007079936897732054,45.742567938042534,23.112249140472176,True
heuristic,37,5,4,1,2,5,10.274481310220633,40.41864906183788,32.31335774821099,True
heuristic,38,0,3,1,2,5,0.007079936897732054,45.74038958756534,23.11898563033518,True
heuristic,38,1,4,1,2,5,9.430493708302809,40.41628557478471,32.31957230289391,True
heuristic,38,2,0,2,1,2,17.535424783503846,30.530492178925282,36.425461343552875,True
heuristic,38,3,1,2,1,2,23.27814251665655,24.78203776813227,39.25539563161726,True
heuristic,38,4,3,1,2,5,0.007079936897732054,45.74038958756534,23.11898563033518,True
heuristic,38,5,4,1,2,5,9.836637218230248,40.41628557478471,32.31957230289391,True
heuristic,39,0,3,1,2,5,0.007079936897732054,45.738211237088144,23.125722120198187,True
heuristic,39,1,4,1,2,5,8.99265824578804,40.413922087731535,32.32578685757683,True
heuristic,39,2,0,2,1,2,17.099506866520343,30.52705159673463,36.433294959691,True
heuristic,39,3,1,2,1,2,22.84266782651297,24.77975811768826,39.264685450776575,True
heuristic,39,4,3,1,2,5,0.007079936897732054,45.738211237088144,23.125722120198187,True
heuristic,39,5,4,1,2,5,9.398793193014646,40.413922087731535,32.32578685757683,True
heuristic,40,0,3,1,2,5,0.007079936897732054,45.73603288661095,23.132458610061192,True
heuristic,40,1,4,1,2,5,8.554822843481201,40.41155860067836,32.33200141225975,True
heuristic,40,2,0,2,1,2,16.663588979239922,30.523611014543977,36.44112857582912,True
heuristic,40,3,1,2,1,2,22.407193624321728,24.77747846724425,39.27397526993589,True
heuristic,40,4,3,1,2,5,0.007079936897732054,45.73603288661095,23.132458610061192,True
heuristic,40,5,4,1,2,5,8.96094923766508,40.41155860067836,32.33200141225975,True
heuristic,41,0,3,1,2,5,0.007079936897732054,45.733854536133755,23.139195099924198,True
heuristic,41,1,4,1,2,5,8.116987504452164,40.40919511362519,32.33821596694267,True
heuristic,41,2,0,2,1,2,16.22767112241918,30.520170432353325,36.44896219196724,True
heuristic,41,3,1,2,1,2,21.971719919264434,24.77519881680024,39.2832650890952,True
heuristic,41,4,3,1,2,5,0.007079936897732054,45.733854536133755,23.139195099924198,True
heuristic,41,5,4,1,2,5,8.523105355578222,40.40919511362519,32.33821596694267,True
heuristic,42,0,3,1,2,5,0.007079936897732054,45.73167618565656,23.145931589787203,True
heuristic,42,1,4,1,2,5,7.679152232106624,40.406831626572014,32.34443052162559,True
heuristic,42,2,0,2,1,2,15.791753296855132,30.516729850162672,36.45679580810536,True
heuristic,42,3,1,2,1,2,21.53624672088273,24.772919166356232,39.292554908254516,True
heuristic,42,4,3,1,2,5,0.007079936897732054,45.73167618565656,23.145931589787203,True
heuristic,42,5,4,1,2,5,8.085261550504102,40.406831626572014,32.34443052162559,True
heuristic,43,0,3,1,2,5,0.007079936897732054,45.729497835179366,23.15266807965021,True
heuristic,43,1,4,1,2,5,7.241317030244803,40.40446813951884,32.35064507630851,True
heuristic,43,2,0,2,1,2,15.355835503388533,30.51328926797202,36.46462942424348,True
heuristic,43,3,1,2,1,2,21.10077403910005,24.770639515912222,39.30184472741383,True
heuristic,43,4,3,1,2,5,0.007079936897732054,45.729497835179366,23.15266807965021,True
heuristic,43,5,4,1,2,5,7.647417826604662,40.40446813951884,32.35064507630851,True
heuristic,44,0,3,1,2,5,0.007079936897732054,45.72731948470217,23.159404569513214,True
heuristic,44,1,4,1,2,5,6.8034819031347356,40.40210465246567,32.35685963099143,True
heuristic,44,2,0,2,1,2,14.919917742907643,30.509848685781368,36.472463040381605,True
heuristic,44,3,1,2,1,2,20.66530188424516,24.768359865468213,39.31113454657314,True
heuristic,44,4,3,1,2,5,0.007079936897732054,45.72731948470217,23.159404569513214,True
heuristic,44,5,4,1,2,5,7.209574188526071,40.40210465246567,32.35685963099143,True
heuristic,45,0,0,2,1,2,20.219024293095053,45.72731948470217,23.159404569513214,False
heuristic,45,1,4,1,2,5,6.365646855604989,40.39974116541249,32.36307418567435,True
heuristic,45,2,0,2,1,2,14.48400001635238,30.506408103590715,36.48029665651973,True
heuristic,45,3,1,2,1,2,20.229830267077737,24.766080215024203,39.32042436573246,True
heuristic,45,4,0,2,1,2,20.219024293095053,45.72731948470217,23.159404569513214,False
heuristic,45,5,4,1,2,5,6.77173064148907,40.39974116541249,32.36307418567435,True
heuristic,46,0,0,2,1,2,20.219024293095053,45.72731948470217,23.159404569513214,False
heuristic,46,1,4,1,2,5,5.927811893163715,40.39737767835932,32.36928874035727,True
heuristic,46,2,0,2,1,2,14.048082324719001,30.502967521400063,36.48813027265785,True
heuristic,46,3,1,2,1,2,19.794359198816082,24.763800564580194,39.32971418489177,True
heuristic,46,4,0,2,1,2,20.219024293095053,45.72731948470217,23.159404569513214,False
heuristic,46,5,4,1,2,5,6.333887191403422,40.39737767835932,32.36928874035727,True
heuristic,47,0,0,2,1,2,20.219024293095053,45.72731948470217,23.159404569513214,False
heuristic,47,1,4,1,2,5,5.4899770221542,40.395014191306146,32.37550329504019,True
heuristic,47,2,0,2,1,2,13.612164669065363,30.49952693920941,36.49596388879597,True
heuristic,47,3,1,2,1,2,19.35888869116734,24.761520914136185,39.339004004051084,True
heuristic,47,4,0,2,1,2,20.219024293095053,45.72731948470217,23.159404569513214,False
heuristic,47,5,4,1,2,5,5.896043845015034,40.395014191306146,32.37550329504019,True
heuristic,48,0,0,2,1,2,20.219024293095053,45.72731948470217,23.159404569513214,False
heuristic,48,1,4,1,2,5,5.052142249962046,40.39265070425297,32.38171784972311,True
heuristic,48,2,0,2,1,2,13.176247050516873,30.496086357018758,36.50379750493409,True
heuristic,48,3,1,2,1,2,18.92341875636039,24.759241263692175,39.3482938232104,True
heuristic,48,4,0,2,1,2,20.219024293095053,45.72731948470217,23.159404569513214,False
heuristic,48,5,4,1,2,5,5.458200610098418,40.39265070425297,32.38171784972311,True
heuristic,49,0,0,2,1,2,20.219024293095053,45.72731948470217,23.159404569513214,False
heuristic,49,1,4,1,2,5,4.614307585297478,40.3902872171998,32.38793240440603,True
heuristic,49,2,0,2,1,2,12.740329470273199,30.492645774828105,36.51163112107221,True
heuristic,49,3,1,2,1,2,18.487949407181794,24.756961613248166,39.35758364236971,True
heuristic,49,4,0,2,1,2,20.219024293095053,45.72731948470217,23.159404569513214,False
heuristic,49,5,4,1,2,5,5.020357495713447,40.3902872171998,32.38793240440603,True
heuristic,50,0,0,2,1,2,20.219024293095053,45.72731948470217,23.159404569513214,False
heuristic,50,1,4,1,2,5,4.176473038590399,40.387923730146625,32.39414695908895,True
heuristic,50,2,0,2,1,2,12.304411929615952,30.489205192637453,36.519464737210335,True
heuristic,50,3,1,2,1,2,18.052480657015145,24.754681962804156,39.366873461529025,True
heuristic,50,4,0,2,1,2,20.219024293095053,45.72731948470217,23.159404569513214,False
heuristic,50,5,4,1,2,5,4.5825145125558295,40.387923730146625,32.39414695908895,True
heuristic,51,0,0,2,1,2,20.219024293095053,45.72731948470217,23.159404569513214,False
heuristic,51,1,4,1,2,5,3.7386386225610457,40.38556024309345,32.40036151377187,True
heuristic,51,2,0,2,1,2,11.868494429917433,30.4857646104468,36.527298353348456,True
heuristic,51,3,1,2,1,2,17.617012519884202,24.752402312360147,39.37616328068834,True
heuristic,51,4,0,2,1,2,20.219024293095053,45.72731948470217,23.159404569513214,False
heuristic,51,5,4,1,2,5,4.144671673448615,40.38556024309345,32.40036151377187,True
heuristic,52,0,0,2,1,2,20.219024293095053,45.72731948470217,23.159404569513214,False
heuristic,52,1,4,1,2,5,3.3008043530767437,40.38319675604028,32.40657606845479,True
heuristic,52,2,0,2,1,2,11.4325769726507,30.482324028256148,36.53513196948658,True
heuristic,52,3,1,2,1,2,17.18154501050031,24.750122661916137,39.38545309984765,True
heuristic,52,4,0,2,1,2,20.219024293095053,45.72731948470217,23.159404569513214,False
heuristic,52,5,4,1,2,5,3.706828994053992,40.38319675604028,32.40657606845479,True
heuristic,53,0,0,2,1,2,20.219024293095053,45.72731948470217,23.159404569513214,False
heuristic,53,1,4,1,2,5,2.862970250501208,40.380833268987104,32.41279062313771,True
heuristic,53,2,0,2,1,2,10.996659559401168,30.478883446065495,36.5429655856247,True
heuristic,53,3,1,2,1,2,16.746078144314634,24.747843011472128,39.394742919006966,True
heuristic,53,4,0,2,1,2,20.219024293095053,45.72731948470217,23.159404569513214,False
heuristic,53,5,4,1,2,5,3.2689864939452695,40.380833268987104,32.41279062313771,True
heuristic,54,0,0,2,1,2,20.219024293095053,45.72731948470217,23.159404569513214,False
heuristic,54,1,4,1,2,5,2.4251363419537126,40.37846978193393,32.41900517782063,True
heuristic,54,2,0,2,1,2,10.560742191880076,30.475442863874843,36.55079920176282,True
heuristic,54,3,1,2,1,2,16.310611937575853,24.74556336102812,39.40403273816628,True
heuristic,54,4,0,2,1,2,20.219024293095053,45.72731948470217,23.159404569513214,False
heuristic,54,5,4,1,2,5,2.8311441983018653,40.37846978193393,32.41900517782063,True
heuristic,55,0,0,2,1,2,20.219024293095053,45.72731948470217,23.159404569513214,False
heuristic,55,1,4,1,2,5,1.9873026654118857,40.376106294880756,32.42521973250355,True
heuristic,55,2,0,2,1,2,10.12482487194022,30.47200228168419,36.55863281790094,True
heuristic,55,3,1,2,1,2,15.875146407394036,24.74328371058411,39.41332255732559,True
heuristic,55,4,0,2,1,2,20.219024293095053,45.72731948470217,23.159404569513214,False
heuristic,55,5,4,1,2,5,2.3933021407618487,40.376106294880756,32.42521973250355,True
heuristic,56,0,0,2,1,2,20.219024293095053,45.72731948470217,23.159404569513214,False
heuristic,56,1,4,1,2,5,1.5494692780620192,40.37374280782758,32.43143428718647,True
heuristic,56,2,0,2,1,2,9.68890760159442,30.468561699493538,36.566466434039064,True
heuristic,56,3,1,2,1,2,15.439681571811548,24.7410040601401,39.422612376484906,True
heuristic,56,4,0,2,1,2,20.219024293095053,45.72731948470217,23.159404569513214,False
heuristic,56,5,4,1,2,5,1.9554603686386713,40.37374280782758,32.43143428718647,True
heuristic,57,0,0,2,1,2,20.219024293095053,45.72731948470217,23.159404569513214,False
heuristic,57,1,4,1,2,5,1.111636276519759,40.37137932077441,32.43764884186939,True
heuristic,57,2,0,2,1,2,9.252990383037359,30.465121117302886,36.574300050177186,True
heuristic,57,3,1,2,1,2,15.004217449881999,24.73872440969609,39.43190219564422,True
heuristic,57,4,0,2,1,2,20.219024293095053,45.72731948470217,23.159404569513214,False
heuristic,57,5,4,1,2,5,1.5176189536470275,40.37137932077441,32.43764884186939,True
heuristic,58,0,0,2,1,2,20.219024293095053,45.72731948470217,23.159404569513214,False
heuristic,58,1,4,1,2,5,0.6738038634483979,40.369015833721235,32.44386339655231,True
heuristic,58,2,0,2,1,2,8.8170732186716,30.461680535112233,36.58213366631531,True
heuristic,58,3,1,2,1,2,14.568754061758398,24.73644475925208,39.44119201480353,True
heuristic,58,4,0,2,1,2,20.219024293095053,45.72731948470217,23.159404569513214,False
heuristic,58,5,4,1,2,5,1.07977801830573,40.369015833721235,32.44386339655231,True
heuristic,59,0,0,2,1,2,20.219024293095053,45.72731948470217,23.159404569513214,False
heuristic,59,1,4,1,2,5,0.23597283581055908,40.36665234666806,32.45007795123523,True
heuristic,59,2,0,2,1,2,8.381156111138877,30.45823995292158,36.58996728245343,True
heuristic,59,3,1,2,1,2,14.1332914287919,24.73416510880807,39.45048183396285,True
heuristic,59,4,0,2,1,2,20.219024293095053,45.72731948470217,23.159404569513214,False
heuristic,59,5,4,1,2,5,0.6419378258064719,40.36665234666806,32.45007795123523,True
heuristic,60,0,0,2,1,2,20.219024293095053,45.72731948470217,23.159404569513214,False
heuristic,60,1,4,1,2,5,0.0066488165080352685,40.36428885961489,32.45629250591815,True
heuristic,60,2,0,2,1,2,7.9452390633579615,30.454799370730928,36.59780089859155,True
heuristic,60,3,1,2,1,2,13.697829573642805,24.73188545836406,39.45977165312216,True
heuristic,60,4,0,2,1,2,20.219024293095053,45.72731948470217,23.159404569513214,False
heuristic,60,5,4,1,2,5,0.204099525338258,40.36428885961489,32.45629250591815,True
heuristic,61,0,0,2,1,2,20.219024293095053,45.72731948470217,23.159404569513214,False
heuristic,61,1,4,1,2,5,0.0066488165080352685,40.361925372561714,32.46250706060107,True
heuristic,61,2,0,2,1,2,7.5093220785710715,30.451358788540276,36.60563451472967,True
heuristic,61,3,1,2,1,2,13.26236852040577,24.729605807920052,39.469061472281474,True
heuristic,61,4,0,2,1,2,20.219024293095053,45.72731948470217,23.159404569513214,False
heuristic,61,5,4,1,2,5,0.0066488165080352685,40.361925372561714,32.46250706060107,True
heuristic,62,0,0,2,1,2,20.219024293095053,45.72731948470217,23.159404569513214,False
heuristic,62,1,4,1,2,5,0.0066488165080352685,40.35956188550854,32.46872161528399,True
heuristic,62,2,0,2,1,2,7.073405160401281,30.447918206349623,36.613468130867794,True
heuristic,62,3,1,2,1,2,12.826908294751558,24.727326157476043,39.47835129144079,True
heuristic,62,4,0,2,1,2,20.219024293095053,45.72731948470217,23.159404569513214,False
heuristic,62,5,4,1,2,5,0.0066488165080352685,40.35956188550854,32.46872161528399,True
heuristic,63,0,0,2,1,2,20.219024293095053,45.72731948470217,23.159404569513214,False
heuristic,63,1,4,1,2,5,0.0066488165080352685,40.35719839845537,32.47493616996691,True
heuristic,63,2,0,2,1,2,6.637488312924448,30.44447762415897,36.621301747005916,True
heuristic,63,3,1,2,1,2,12.391448924088202,24.725046507032033,39.4876411106001,True
heuristic,63,4,0,2,1,2,20.219024293095053,45.72731948470217,23.159404569513214,False
heuristic,63,5,4,1,2,5,0.0066488165080352685,40.35719839845537,32.47493616996691,True
heuristic,64,0,0,2,1,2,20.219024293095053,45.72731948470217,23.159404569513214,False
heuristic,64,1,4,1,2,5,0.0066488165080352685,40.35483491140219,32.48115072464983,True
heuristic,64,2,0,2,1,2,6.201571540760598,30.44103704196832,36.62913536314404,True
heuristic,64,3,1,2,1,2,11.955990437745022,24.722766856588024,39.496930929759415,True
heuristic,64,4,0,2,1,2,20.219024293095053,45.72731948470217,23.159404569513214,False
heuristic,64,5,4,1,2,5,0.0066488165080352685,40.35483491140219,32.48115072464983,True
heuristic,65,0,0,2,1,2,20.219024293095053,45.72731948470217,23.159404569513214,False
heuristic,65,1,4,1,2,5,0.0066488165080352685,40.35247142434902,32.48736527933275,True
heuristic,65,2,0,2,1,2,5.765654849191782,30.437596459777666,36.63696897928216,True
heuristic,65,3,1,2,1,2,11.520532867183686,24.720487206144014,39.50622074891873,True
heuristic,65,4,0,2,1,2,20.219024293095053,45.72731948470217,23.159404569513214,False
heuristic,65,5,4,1,2,5,0.0066488165080352685,40.35247142434902,32.48736527933275,True
heuristic,66,0,0,2,1,2,20.219024293095053,45.72731948470217,23.159404569513214,False
heuristic,66,1,4,1,2,5,0.0066488165080352685,40.350107937295846,32.49357983401567,True
heuristic,66,2,0,2,1,2,5.32973824431688,30.434155877587013,36.64480259542028,True
heuristic,66,3,1,2,1,2,11.085076246241497,24.718207555700005,39.51551056807804,True
heuristic,66,4,0,2,1,2,20.219024293095053,45.72731948470217,23.159404569513214,False
heuristic,66,5,4,1,2,5,0.0066488165080352685,40.350107937295846,32.49357983401567,True
heuristic,67,0,0,2,1,2,20.219024293095053,45.72731948470217,23.159404569513214,False
heuristic,67,1,4,1,2,5,0.0066488165080352685,40.34774445024267,32.49979438869859,True
heuristic,67,2,0,2,1,2,4.893821733259032,30.43071529539636,36.6526362115584,True
heuristic,67,3,1,2,1,2,10.649620611413354,24.715927905255995,39.524800387237356,True
heuristic,67,4,0,2,1,2,20.219024293095053,45.72731948470217,23.159404569513214,False
heuristic,67,5,4,1,2,5,0.0066488165080352685,40.34774445024267,32.49979438869859,True
heuristic,68,0,0,2,1,2,20.219024293095053,45.72731948470217,23.159404569513214,False
heuristic,68,1,4,1,2,5,0.0066488165080352685,40.3453809631895,32.50600894338151,True
heuristic,68,2,0,2,1,2,4.45790532445035,30.42727471320571,36.660469827696524,True
heuristic,68,3,1,2,1,2,10.214166002180345,24.713648254811986,39.53409020639667,True
heuristic,68,4,0,2,1,2,20.219024293095053,45.72731948470217,23.159404569513214,False
heuristic,68,5,4,1,2,5,0.0066488165080352685,40.3453809631895,32.50600894338151,True
heuristic,69,0,0,2,1,2,20.219024293095053,45.72731948470217,23.159404569513214,False
heuristic,69,1,0,2,1,2,10.753063601842547,40.3453809631895,32.50600894338151,False
heuristic,69,2,0,2,1,2,4.021989028033784,30.423834131015056,36.668303443834645,True
heuristic,69,3,1,2,1,2,9.77871246139512,24.711368604367976,39.54338002555598,True
heuristic,69,4,0,2,1,2,20.219024293095053,45.72731948470217,23.159404569513214,False
heuristic,69,5,0,2,1,2,10.753063601842547,40.3453809631895,32.50600894338151,False
heuristic,70,0,0,2,1,2,20.219024293095053,45.72731948470217,23.159404569513214,False
heuristic,70,1,0,2,1,2,10.753063601842547,40.3453809631895,32.50600894338151,False
heuristic,70,2,0,2,1,2,3.5860728564496958,30.420393548824403,36.67613705997277,True
heuristic,70,3,1,2,1,2,9.343260035736877,24.709088953923967,39.5526698447153,True
heuristic,70,4,0,2,1,2,20.219024293095053,45.72731948470217,23.159404569513214,False
heuristic,70,5,0,2,1,2,10.753063601842547,40.3453809631895,32.50600894338151,False
heuristic,71,0,0,2,1,2,20.219024293095053,45.72731948470217,23.159404569513214,False
heuristic,71,1,0,2,1,2,10.753063601842547,40.3453809631895,32.50600894338151,False
heuristic,71,2,0,2,1,2,3.1501568253280396,30.41695296663375,36.68397067611089,True
heuristic,71,3,1,2,1,2,8.907808776252477,24.706809303479957,39.56195966387461,True
heuristic,71,4,0,2,1,2,20.219024293095053,45.72731948470217,23.159404569513214,False
heuristic,71,5,0,2,1,2,10.753063601842547,40.3453809631895,32.50600894338151,False
heuristic,72,0,0,2,1,2,20.219024293095053,45.72731948470217,23.159404569513214,False
heuristic,72,1,0,2,1,2,10.753063601842547,40.3453809631895,32.50600894338151,False
heuristic,72,2,0,2,1,2,2.7142409549168383,30.4135123844431,36.69180429224901,True
heuristic,72,3,1,2,1,2,8.472358739005138,24.704529653035948,39.571249483033924,True
heuristic,72,4,0,2,1,2,20.219024293095053,45.72731948470217,23.159404569513214,False
heuristic,72,5,0,2,1,2,10.753063601842547,40.3453809631895,32.50600894338151,False
heuristic,73,0,0,2,1,2,20.219024293095053,45.72731948470217,23.159404569513214,False
heuristic,73,1,0,2,1,2,10.753063601842547,40.3453809631895,32.50600894338151,False
heuristic,73,2,0,2,1,2,2.278325272526656,30.410071802252446,36.69963790838713,True
heuristic,73,3,1,2,1,2,8.036909985858959,24.70225000259194,39.58053930219324,True
heuristic,73,4,0,2,1,2,20.219024293095053,45.72731948470217,23.159404569513214,False
heuristic,73,5,0,2,1,2,10.753063601842547,40.3453809631895,32.50600894338151,False
heuristic,74,0,0,2,1,2,20.219024293095053,45.72731948470217,23.159404569513214,False
heuristic,74,1,0,2,1,2,10.753063601842547,40.3453809631895,32.50600894338151,False
heuristic,74,2,0,2,1,2,1.8424098171054837,30.406631220061794,36.70747152452525,True
heuristic,74,3,1,2,1,2,7.601462585436915,24.69997035214793,39.58982912135255,True
heuristic,74,4,0,2,1,2,20.219024293095053,45.72731948470217,23.159404569513214,False
heuristic,74,5,0,2,1,2,10.753063601842547,40.3453809631895,32.50600894338151,False
heuristic,75,0,0,2,1,2,20.219024293095053,45.72731948470217,23.159404569513214,False
heuristic,75,1,0,2,1,2,10.753063601842547,40.3453809631895,32.50600894338151,False
heuristic,75,2,0,2,1,2,1.4064946489744605,30.40319063787114,36.715305140663375,True
heuristic,75,3,1,2,1,2,7.166016614303221,24.69769070170392,39.599118940511865,True
heuristic,75,4,0,2,1,2,20.219024293095053,45.72731948470217,23.159404569513214,False
heuristic,75,5,0,2,1,2,10.753063601842547,40.3453809631895,32.50600894338151,False
heuristic,76,0,0,2,1,2,20.219024293095053,45.72731948470217,23.159404569513214,False
heuristic,76,1,0,2,1,2,10.753063601842547,40.3453809631895,32.50600894338151,False
heuristic,76,2,0,2,1,2,0.9705798752146926,30.39975005568049,36.7231387568015,True
heuristic,76,3,1,2,1,2,6.730572158440175,24.69541105125991,39.60840875967118,True
heuristic,76,4,0,2,1,2,20.219024293095053,45.72731948470217,23.159404569513214,False
heuristic,76,5,0,2,1,2,10.753063601842547,40.3453809631895,32.50600894338151,False
heuristic,77,0,0,2,1,2,20.219024293095053,45.72731948470217,23.159404569513214,False
heuristic,77,1,0,2,1,2,10.753063601842547,40.3453809631895,32.50600894338151,False
heuristic,77,2,0,2,1,2,0.5346657473225962,30.396309473489836,36.73097237293962,True
heuristic,77,3,1,2,1,2,6.295129315117543,24.6931314008159,39.61769857883049,True
heuristic,77,4,0,2,1,2,20.219024293095053,45.72731948470217,23.159404569513214,False
heuristic,77,5,0,2,1,2,10.753063601842547,40.3453809631895,32.50600894338151,False
heuristic,78,0,0,2,1,2,20.219024293095053,45.72731948470217,23.159404569513214,False
heuristic,78,1,0,2,1,2,10.753063601842547,40.3453809631895,32.50600894338151,False
heuristic,78,2,0,2,1,2,0.09875420447926425,30.392868891299184,36.73880598907774,True
heuristic,78,3,1,2,1,2,5.859688195294813,24.69085175037189,39.626988397989805,True
heuristic,78,4,0,2,1,2,20.219024293095053,45.72731948470217,23.159404569513214,False
heuristic,78,5,0,2,1,2,10.753063601842547,40.3453809631895,32.50600894338151,False
heuristic,79,0,0,2,1,2,20.219024293095053,45.72731948470217,23.159404569513214,False
heuristic,79,1,0,2,1,2,10.753063601842547,40.3453809631895,32.50600894338151,False
heuristic,79,2,0,2,1,2,0.008555883800641187,30.38942830910853,36.74663960521586,True
heuristic,79,3,1,2,1,2,5.424248926761691,24.68857209992788,39.63627821714912,True
heuristic,79,4,0,2,1,2,20.219024293095053,45.72731948470217,23.159404569513214,False
heuristic,79,5,0,2,1,2,10.753063601842547,40.3453809631895,32.50600894338151,False
heuristic,80,0,0,2,1,2,20.219024293095053,45.72731948470217,23.159404569513214,False
heuristic,80,1,0,2,1,2,10.753063601842547,40.3453809631895,32.50600894338151,False
heuristic,80,2,0,2,1,2,0.008555883800641187,30.38598772691788,36.75447322135398,True
heuristic,80,3,1,2,1,2,4.9888116583253925,24.686292449483872,39.64556803630843,True
heuristic,80,4,0,2,1,2,20.219024293095053,45.72731948470217,23.159404569513214,False
heuristic,80,5,0,2,1,2,10.753063601842547,40.3453809631895,32.50600894338151,False
heuristic,81,0,0,2,1,2,20.219024293095053,45.72731948470217,23.159404569513214,False
heuristic,81,1,0,2,1,2,10.753063601842547,40.3453809631895,32.50600894338151,False
heuristic,81,2,0,2,1,2,0.008555883800641187,30.382547144727226,36.762306837492105,True
heuristic,81,3,1,2,1,2,4.553376565523108,24.684012799039863,39.654857855467746,True
heuristic,81,4,0,2,1,2,20.219024293095053,45.72731948470217,23.159404569513214,False
heuristic,81,5,0,2,1,2,10.753063601842547,40.3453809631895,32.50600894338151,False
heuristic,82,0,0,2,1,2,20.219024293095053,45.72731948470217,23.159404569513214,False
heuristic,82,1,0,2,1,2,10.753063601842547,40.3453809631895,32.50600894338151,False
heuristic,82,2,0,2,1,2,0.008555883800641187,30.379106562536574,36.770140453630226,True
heuristic,82,3,1,2,1,2,4.1179438586277834,24.681733148595853,39.66414767462706,True
heuristic,82,4,0,2,1,2,20.219024293095053,45.72731948470217,23.159404569513214,False
heuristic,82,5,0,2,1,2,10.753063601842547,40.3453809631895,32.50600894338151,False
heuristic,83,0,0,2,1,2,20.219024293095053,45.72731948470217,23.159404569513214,False
heuristic,83,1,0,2,1,2,10.753063601842547,40.3453809631895,32.50600894338151,False
heuristic,83,2,0,2,1,2,0.008555883800641187,30.37566598034592,36.77797406976835,True
heuristic,83,3,1,2,1,2,3.6825137942348194,24.679453498151844,39.67343749378637,True
heuristic,83,4,0,2,1,2,20.219024293095053,45.72731948470217,23.159404569513214,False
heuristic,83,5,0,2,1,2,10.753063601842547,40.3453809631895,32.50600894338151,False
heuristic,84,0,0,2,1,2,20.219024293095053,45.72731948470217,23.159404569513214,False
heuristic,84,1,0,2,1,2,10.753063601842547,40.3453809631895,32.50600894338151,False
heuristic,84,2,0,2,1,2,0.008555883800641187,30.37222539815527,36.78580768590647,True
heuristic,84,3,1,2,1,2,3.2470866927002517,24.677173847707834,39.68272731294569,True
heuristic,84,4,0,2,1,2,20.219024293095053,45.72731948470217,23.159404569513214,False
heuristic,84,5,0,2,1,2,10.753063601842547,40.3453809631895,32.50600894338151,False
heuristic,85,0,0,2,1,2,20.219024293095053,45.72731948470217,23.159404569513214,False
heuristic,85,1,0,2,1,2,10.753063601842547,40.3453809631895,32.50600894338151,False
heuristic,85,2,0,2,1,2,0.008555883800641187,30.368784815964617,36.79364130204459,True
heuristic,85,3,1,2,1,2,2.8116629656948287,24.674894197263825,39.692017132105,True
heuristic,85,4,0,2,1,2,20.219024293095053,45.72731948470217,23.159404569513214,False
heuristic,85,5,0,2,1,2,10.753063601842547,40.3453809631895,32.50600894338151,False
heuristic,86,0,0,2,1,2,20.219024293095053,45.72731948470217,23.159404569513214,False
heuristic,86,1,0,2,1,2,10.753063601842547,40.3453809631895,32.50600894338151,False
heuristic,86,2,0,2,1,2,0.008555883800641187,30.365344233773964,36.80147491818271,True
heuristic,86,3,1,2,1,2,2.376243162545231,24.672614546819815,39.701306951264314,True
heuristic,86,4,0,2,1,2,20.219024293095053,45.72731948470217,23.159404569513214,False
heuristic,86,5,0,2,1,2,10.753063601842547,40.3453809631895,32.50600894338151,False
heuristic,87,0,0,2,1,2,20.219024293095053,45.72731948470217,23.159404569513214,False
heuristic,87,1,0,2,1,2,10.753063601842547,40.3453809631895,32.50600894338151,False
heuristic,87,2,0,2,1,2,0.008555883800641187,30.36190365158331,36.809308534320834,True
heuristic,87,3,1,2,1,2,1.9408280549327686,24.670334896375806,39.71059677042363,True
heuristic,87,4,0,2,1,2,20.219024293095053,45.72731948470217,23.159404569513214,False
heuristic,87,5,0,2,1,2,10.753063601842547,40.3453809631895,32.50600894338151,False
heuristic,88,0,0,2,0,2,20.219024293095053,45.72731948470217,23.159404569513214,False
heuristic,88,1,0,2,0,2,10.753063601842547,40.3453809631895,32.50600894338151,False
heuristic,88,2,0,2,0,2,0.0,30.36190365158331,36.809308534320834,False
heuristic,88,3,1,2,1,2,1.5054188109681352,24.668055245931797,39.71988658958294,True
heuristic,88,4,0,2,0,2,20.219024293095053,45.72731948470217,23.159404569513214,False
heuristic,88,5,0,2,0,2,10.753063601842547,40.3453809631895,32.50600894338151,False
heuristic,89,0,0,2,0,2,20.219024293095053,45.72731948470217,23.159404569513214,False
heuristic,89,1,0,2,0,2,10.753063601842547,40.3453809631895,32.50600894338151,False
heuristic,89,2,0,2,0,2,0.0,30.36190365158331,36.809308534320834,False
heuristic,89,3,1,2,1,2,1.070017423743071,24.665775595487787,39.729176408742255,True
heuristic,89,4,0,2,0,2,20.219024293095053,45.72731948470217,23.159404569513214,False
heuristic,89,5,0,2,0,2,10.753063601842547,40.3453809631895,32.50600894338151,False
heuristic,90,0,0,2,0,2,20.219024293095053,45.72731948470217,23.159404569513214,False
heuristic,90,1,0,2,0,2,10.753063601842547,40.3453809631895,32.50600894338151,False
heuristic,90,2,0,2,0,2,0.0,30.36190365158331,36.809308534320834,False
heuristic,90,3,1,2,1,2,0.6346281726632352,24.663495945043778,39.73846622790157,True
heuristic,90,4,0,2,0,2,20.219024293095053,45.72731948470217,23.159404569513214,False
heuristic,90,5,0,2,0,2,10.753063601842547,40.3453809631895,32.50600894338151,False
heuristic,91,0,0,2,0,2,20.219024293095053,45.72731948470217,23.159404569513214,False
heuristic,91,1,0,2,0,2,10.753063601842547,40.3453809631895,32.50600894338151,False
heuristic,91,2,0,2,0,2,0.0,30.36190365158331,36.809308534320834,False
heuristic,91,3,1,2,1,2,0.19926990774794145,24.661216294599768,39.74775604706088,True
heuristic,91,4,0,2,0,2,20.219024293095053,45.72731948470217,23.159404569513214,False
heuristic,91,5,0,2,0,2,10.753063601842547,40.3453809631895,32.50600894338151,False
heuristic,92,0,0,2,0,2,20.219024293095053,45.72731948470217,23.159404569513214,False
heuristic,92,1,0,2,0,2,10.753063601842547,40.3453809631895,32.50600894338151,False
heuristic,92,2,0,2,0,2,0.0,30.36190365158331,36.809308534320834,False
heuristic,92,3,1,2,1,2,0.009565434969703286,24.65893664415576,39.757045866220196,True
heuristic,92,4,0,2,0,2,20.219024293095053,45.72731948470217,23.159404569513214,False
heuristic,92,5,0,2,0,2,10.753063601842547,40.3453809631895,32.50600894338151,False
heuristic,93,0,0,2,0,2,20.219024293095053,45.72731948470217,23.159404569513214,False
heuristic,93,1,0,2,0,2,10.753063601842547,40.3453809631895,32.50600894338151,False
heuristic,93,2,0,2,0,2,0.0,30.36190365158331,36.809308534320834,False
heuristic,93,3,1,2,1,2,0.009565434969703286,24.65665699371175,39.76633568537951,True
heuristic,93,4,0,2,0,2,20.219024293095053,45.72731948470217,23.159404569513214,False
heuristic,93,5,0,2,0,2,10.753063601842547,40.3453809631895,32.50600894338151,False
heuristic,94,0,0,2,0,2,20.219024293095053,45.72731948470217,23.159404569513214,False
heuristic,94,1,0,2,0,2,10.753063601842547,40.3453809631895,32.50600894338151,False
heuristic,94,2,0,2,0,2,0.0,30.36190365158331,36.809308534320834,False
heuristic,94,3,1,2,1,2,0.009565434969703286,24.65437734326774,39.77562550453882,True
heuristic,94,4,0,2,0,2,20.219024293095053,45.72731948470217,23.159404569513214,False
heuristic,94,5,0,2,0,2,10.753063601842547,40.3453809631895,32.50600894338151,False
heuristic,95,0,0,2,0,2,20.219024293095053,45.72731948470217,23.159404569513214,False
heuristic,95,1,0,2,0,2,10.753063601842547,40.3453809631895,32.50600894338151,False
heuristic,95,2,0,2,0,2,0.0,30.36190365158331,36.809308534320834,False
heuristic,95,3,1,2,1,2,0.009565434969703286,24.65209769282373,39.78491532369814,True
heuristic,95,4,0,2,0,2,20.219024293095053,45.72731948470217,23.159404569513214,False
heuristic,95,5,0,2,0,2,10.753063601842547,40.3453809631895,32.50600894338151,False
heuristic,96,0,0,2,0,2,20.219024293095053,45.72731948470217,23.159404569513214,False
heuristic,96,1,0,2,0,2,10.753063601842547,40.3453809631895,32.50600894338151,False
heuristic,96,2,0,2,0,2,0.0,30.36190365158331,36.809308534320834,False
heuristic,96,3,1,2,1,2,0.009565434969703286,24.64981804237972,39.79420514285745,True
heuristic,96,4,0,2,0,2,20.219024293095053,45.72731948470217,23.159404569513214,False
heuristic,96,5,0,2,0,2,10.753063601842547,40.3453809631895,32.50600894338151,False
heuristic,97,0,0,2,0,2,20.219024293095053,45.72731948470217,23.159404569513214,False
heuristic,97,1,0,2,0,2,10.753063601842547,40.3453809631895,32.50600894338151,False
heuristic,97,2,0,2,0,2,0.0,30.36190365158331,36.809308534320834,False
heuristic,97,3,1,2,1,2,0.009565434969703286,24.64753839193571,39.803494962016764,True
heuristic,97,4,0,2,0,2,20.219024293095053,45.72731948470217,23.159404569513214,False
heuristic,97,5,0,2,0,2,10.753063601842547,40.3453809631895,32.50600894338151,False
heuristic,98,0,0,2,0,2,20.219024293095053,45.72731948470217,23.159404569513214,False
heuristic,98,1,0,2,0,2,10.753063601842547,40.3453809631895,32.50600894338151,False
heuristic,98,2,0,2,0,2,0.0,30.36190365158331,36.809308534320834,False
heuristic,98,3,1,2,1,2,0.009565434969703286,24.645258741491702,39.81278478117608,True
heuristic,98,4,0,2,0,2,20.219024293095053,45.72731948470217,23.159404569513214,False
heuristic,98,5,0,2,0,2,10.753063601842547,40.3453809631895,32.50600894338151,False
heuristic,99,0,0,2,0,2,20.219024293095053,45.72731948470217,23.159404569513214,False
heuristic,99,1,0,2,0,2,10.753063601842547,40.3453809631895,32.50600894338151,False
heuristic,99,2,0,2,0,2,0.0,30.36190365158331,36.809308534320834,False
heuristic,99,3,1,2,1,2,0.009565434969703286,24.642979091047692,39.82207460033539,True
heuristic,99,4,0,2,0,2,20.219024293095053,45.72731948470217,23.159404569513214,False
heuristic,99,5,0,2,0,2,10.753063601842547,40.3453809631895,32.50600894338151,False
heuristic,100,0,0,2,0,2,20.219024293095053,45.72731948470217,23.159404569513214,False
heuristic,100,1,0,2,0,2,10.753063601842547,40.3453809631895,32.50600894338151,False
heuristic,100,2,0,2,0,2,0.0,30.36190365158331,36.809308534320834,False
heuristic,100,3,1,2,1,2,0.009565434969703286,24.640699440603683,39.831364419494705,True
heuristic,100,4,0,2,0,2,20.219024293095053,45.72731948470217,23.159404569513214,False
heuristic,100,5,0,2,0,2,10.753063601842547,40.3453809631895,32.50600894338151,False
heuristic,101,0,0,2,0,2,20.219024293095053,45.72731948470217,23.159404569513214,False
heuristic,101,1,0,2,0,2,10.753063601842547,40.3453809631895,32.50600894338151,False
heuristic,101,2,0,2,0,2,0.0,30.36190365158331,36.809308534320834,False
heuristic,101,3,0,2,0,2,6.470316792618817,24.640699440603683,39.831364419494705,False
heuristic,101,4,0,2,0,2,20.219024293095053,45.72731948470217,23.159404569513214,False
heuristic,101,5,0,2,0,2,10.753063601842547,40.3453809631895,32.50600894338151,False
heuristic,102,0,0,2,0,2,20.219024293095053,45.72731948470217,23.159404569513214,False
heuristic,102,1,0,2,0,2,10.753063601842547,40.3453809631895,32.50600894338151,False
heuristic,102,2,0,2,0,2,0.0,30.36190365158331,36.809308534320834,False
heuristic,102,3,0,2,0,2,6.470316792618817,24.640699440603683,39.831364419494705,False
heuristic,102,4,0,2,0,2,20.219024293095053,45.72731948470217,23.159404569513214,False
heuristic,102,5,0,2,0,2,10.753063601842547,40.3453809631895,32.50600894338151,False
heuristic,103,0,0,2,0,2,20.219024293095053,45.72731948470217,23.159404569513214,False
heuristic,103,1,0,2,0,2,10.753063601842547,40.3453809631895,32.50600894338151,False
heuristic,103,2,0,2,0,2,0.0,30.36190365158331,36.809308534320834,False
heuristic,103,3,0,2,0,2,6.470316792618817,24.640699440603683,39.831364419494705,False
heuristic,103,4,0,2,0,2,20.219024293095053,45.72731948470217,23.159404569513214,False
heuristic,103,5,0,2,0,2,10.753063601842547,40.3453809631895,32.50600894338151,False
heuristic,104,0,0,2,0,2,20.219024293095053,45.72731948470217,23.159404569513214,False
heuristic,104,1,0,2,0,2,10.753063601842547,40.3453809631895,32.50600894338151,False
heuristic,104,2,0,2,0,2,0.0,30.36190365158331,36.809308534320834,False
heuristic,104,3,0,2,0,2,6.470316792618817,24.640699440603683,39.831364419494705,False
heuristic,104,4,0,2,0,2,20.219024293095053,45.72731948470217,23.159404569513214,False
heuristic,104,5,0,2,0,2,10.753063601842547,40.3453809631895,32.50600894338151,False
heuristic,105,0,0,2,0,2,20.219024293095053,45.72731948470217,23.159404569513214,False
heuristic,105,1,0,2,0,2,10.753063601842547,40.3453809631895,32.50600894338151,False
heuristic,105,2,0,2,0,2,0.0,30.36190365158331,36.809308534320834,False
heuristic,105,3,0,2,0,2,6.470316792618817,24.640699440603683,39.831364419494705,False
heuristic,105,4,0,2,0,2,20.219024293095053,45.72731948470217,23.159404569513214,False
heuristic,105,5,0,2,0,2,10.753063601842547,40.3453809631895,32.50600894338151,False
heuristic,106,0,0,2,0,2,20.219024293095053,45.72731948470217,23.159404569513214,False
heuristic,106,1,0,2,0,2,10.753063601842547,40.3453809631895,32.50600894338151,False
heuristic,106,2,0,2,0,2,0.0,30.36190365158331,36.809308534320834,False
heuristic,106,3,0,2,0,2,6.470316792618817,24.640699440603683,39.831364419494705,False
heuristic,106,4,0,2,0,2,20.219024293095053,45.72731948470217,23.159404569513214,False
heuristic,106,5,0,2,0,2,10.753063601842547,40.3453809631895,32.50600894338151,False
heuristic,107,0,0,2,0,2,20.219024293095053,45.72731948470217,23.159404569513214,False
heuristic,107,1,0,2,0,2,10.753063601842547,40.3453809631895,32.50600894338151,False
heuristic,107,2,0,2,0,2,0.0,30.36190365158331,36.809308534320834,False
heuristic,107,3,0,2,0,2,6.470316792618817,24.640699440603683,39.831364419494705,False
heuristic,107,4,0,2,0,2,20.219024293095053,45.72731948470217,23.159404569513214,False
heuristic,107,5,0,2,0,2,10.753063601842547,40.3453809631895,32.50600894338151,False
heuristic,108,0,0,2,0,2,20.219024293095053,45.72731948470217,23.159404569513214,False
heuristic,108,1,0,2,0,2,10.753063601842547,40.3453809631895,32.50600894338151,False
heuristic,108,2,0,2,0,2,0.0,30.36190365158331,36.809308534320834,False
heuristic,108,3,0,2,0,2,6.470316792618817,24.640699440603683,39.831364419494705,False
heuristic,108,4,0,2,0,2,20.219024293095053,45.72731948470217,23.159404569513214,False
heuristic,108,5,0,2,0,2,10.753063601842547,40.3453809631895,32.50600894338151,False
heuristic,109,0,0,2,0,2,20.219024293095053,45.72731948470217,23.159404569513214,False
heuristic,109,1,0,2,0,2,10.753063601842547,40.3453809631895,32.50600894338151,False
heuristic,109,2,0,2,0,2,0.0,30.36190365158331,36.809308534320834,False
heuristic,109,3,0,2,0,2,6.470316792618817,24.640699440603683,39.831364419494705,False
heuristic,109,4,0,2,0,2,20.219024293095053,45.72731948470217,23.159404569513214,False
heuristic,109,5,0,2,0,2,10.753063601842547,40.3453809631895,32.50600894338151,False
heuristic,110,0,0,2,0,2,20.219024293095053,45.72731948470217,23.159404569513214,False
heuristic,110,1,0,2,0,2,10.753063601842547,40.3453809631895,32.50600894338151,False
heuristic,110,2,0,2,0,2,0.0,30.36190365158331,36.809308534320834,False
heuristic,110,3,0,2,0,2,6.470316792618817,24.640699440603683,39.831364419494705,False
heuristic,110,4,0,2,0,2,20.219024293095053,45.72731948470217,23.159404569513214,False
heuristic,110,5,0,2,0,2,10.753063601842547,40.3453809631895,32.50600894338151,False
heuristic,111,0,0,2,0,2,20.219024293095053,45.72731948470217,23.159404569513214,False
heuristic,111,1,0,2,0,2,10.753063601842547,40.3453809631895,32.50600894338151,False
heuristic,111,2,0,2,0,2,0.0,30.36190365158331,36.809308534320834,False
heuristic,111,3,0,2,0,2,6.470316792618817,24.640699440603683,39.831364419494705,False
heuristic,111,4,0,2,0,2,20.219024293095053,45.72731948470217,23.159404569513214,False
heuristic,111,5,0,2,0,2,10.753063601842547,40.3453809631895,32.50600894338151,False
heuristic,112,0,0,2,0,2,20.219024293095053,45.72731948470217,23.159404569513214,False
heuristic,112,1,0,2,0,2,10.753063601842547,40.3453809631895,32.50600894338151,False
heuristic,112,2,0,2,0,2,0.0,30.36190365158331,36.809308534320834,False
heuristic,112,3,0,2,0,2,6.470316792618817,24.640699440603683,39.831364419494705,False
heuristic,112,4,0,2,0,2,20.219024293095053,45.72731948470217,23.159404569513214,False
heuristic,112,5,0,2,0,2,10.753063601842547,40.3453809631895,32.50600894338151,False
heuristic,113,0,0,2,0,2,20.219024293095053,45.72731948470217,23.159404569513214,False
heuristic,113,1,0,2,0,2,10.753063601842547,40.3453809631895,32.50600894338151,False
heuristic,113,2,0,2,0,2,0.0,30.36190365158331,36.809308534320834,False
heuristic,113,3,0,2,0,2,6.470316792618817,24.640699440603683,39.831364419494705,False
heuristic,113,4,0,2,0,2,20.219024293095053,45.72731948470217,23.159404569513214,False
heuristic,113,5,0,2,0,2,10.753063601842547,40.3453809631895,32.50600894338151,False
heuristic,114,0,0,2,0,2,20.219024293095053,45.72731948470217,23.159404569513214,False
heuristic,114,1,0,2,0,2,10.753063601842547,40.3453809631895,32.50600894338151,False
heuristic,114,2,0,2,0,2,0.0,30.36190365158331,36.809308534320834,False
heuristic,114,3,0,2,0,2,6.470316792618817,24.640699440603683,39.831364419494705,False
heuristic,114,4,0,2,0,2,20.219024293095053,45.72731948470217,23.159404569513214,False
heuristic,114,5,0,2,0,2,10.753063601842547,40.3453809631895,32.50600894338151,False
heuristic,115,0,0,2,0,2,20.219024293095053,45.72731948470217,23.159404569513214,False
heuristic,115,1,0,2,0,2,10.753063601842547,40.3453809631895,32.50600894338151,False
heuristic,115,2,0,2,0,2,0.0,30.36190365158331,36.809308534320834,False
heuristic,115,3,0,2,0,2,6.470316792618817,24.640699440603683,39.831364419494705,False
heuristic,115,4,0,2,0,2,20.219024293095053,45.72731948470217,23.159404569513214,False
heuristic,115,5,0,2,0,2,10.753063601842547,40.3453809631895,32.50600894338151,False
heuristic,116,0,0,2,0,2,20.219024293095053,45.72731948470217,23.159404569513214,False
heuristic,116,1,0,2,0,2,10.753063601842547,40.3453809631895,32.50600894338151,False
heuristic,116,2,0,2,0,2,0.0,30.36190365158331,36.809308534320834,False
heuristic,116,3,0,2,0,2,6.470316792618817,24.640699440603683,39.831364419494705,False
heuristic,116,4,0,2,0,2,20.219024293095053,45.72731948470217,23.159404569513214,False
heuristic,116,5,0,2,0,2,10.753063601842547,40.3453809631895,32.50600894338151,False
heuristic,117,0,0,2,0,2,20.219024293095053,45.72731948470217,23.159404569513214,False
heuristic,117,1,0,2,0,2,10.753063601842547,40.3453809631895,32.50600894338151,False
heuristic,117,2,0,2,0,2,0.0,30.36190365158331,36.809308534320834,False
heuristic,117,3,0,2,0,2,6.470316792618817,24.640699440603683,39.831364419494705,False
heuristic,117,4,0,2,0,2,20.219024293095053,45.72731948470217,23.159404569513214,False
heuristic,117,5,0,2,0,2,10.753063601842547,40.3453809631895,32.50600894338151,False
heuristic,118,0,0,2,0,2,20.219024293095053,45.72731948470217,23.159404569513214,False
heuristic,118,1,0,2,0,2,10.753063601842547,40.3453809631895,32.50600894338151,False
heuristic,118,2,0,2,0,2,0.0,30.36190365158331,36.809308534320834,False
heuristic,118,3,0,2,0,2,6.470316792618817,24.640699440603683,39.831364419494705,False
heuristic,118,4,0,2,0,2,20.219024293095053,45.72731948470217,23.159404569513214,False
heuristic,118,5,0,2,0,2,10.753063601842547,40.3453809631895,32.50600894338151,False
heuristic,119,0,0,2,0,2,20.219024293095053,45.72731948470217,23.159404569513214,False
heuristic,119,1,0,2,0,2,10.753063601842547,40.3453809631895,32.50600894338151,False
heuristic,119,2,0,2,0,2,0.0,30.36190365158331,36.809308534320834,False
heuristic,119,3,0,2,0,2,6.470316792618817,24.640699440603683,39.831364419494705,False
heuristic,119,4,0,2,0,2,20.219024293095053,45.72731948470217,23.159404569513214,False
heuristic,119,5,0,2,0,2,10.753063601842547,40.3453809631895,32.50600894338151,False
heuristic,120,0,0,2,0,2,20.219024293095053,45.72731948470217,23.159404569513214,False
heuristic,120,1,0,2,0,2,10.753063601842547,40.3453809631895,32.50600894338151,False
heuristic,120,2,0,2,0,2,0.0,30.36190365158331,36.809308534320834,False
heuristic,120,3,0,2,0,2,6.470316792618817,24.640699440603683,39.831364419494705,False
heuristic,120,4,0,2,0,2,20.219024293095053,45.72731948470217,23.159404569513214,False
heuristic,120,5,0,2,0,2,10.753063601842547,40.3453809631895,32.50600894338151,False
heuristic,121,0,0,2,0,2,20.219024293095053,45.72731948470217,23.159404569513214,False
heuristic,121,1,0,2,0,2,10.753063601842547,40.3453809631895,32.50600894338151,False
heuristic,121,2,0,2,0,2,0.0,30.36190365158331,36.809308534320834,False
heuristic,121,3,0,2,0,2,6.470316792618817,24.640699440603683,39.831364419494705,False
heuristic,121,4,0,2,0,2,20.219024293095053,45.72731948470217,23.159404569513214,False
heuristic,121,5,0,2,0,2,10.753063601842547,40.3453809631895,32.50600894338151,False
heuristic,122,0,0,2,0,2,20.219024293095053,45.72731948470217,23.159404569513214,False
heuristic,122,1,0,2,0,2,10.753063601842547,40.3453809631895,32.50600894338151,False
heuristic,122,2,0,2,0,2,0.0,30.36190365158331,36.809308534320834,False
heuristic,122,3,0,2,0,2,6.470316792618817,24.640699440603683,39.831364419494705,False
heuristic,122,4,0,2,0,2,20.219024293095053,45.72731948470217,23.159404569513214,False
heuristic,122,5,0,2,0,2,10.753063601842547,40.3453809631895,32.50600894338151,False
heuristic,123,0,0,2,0,2,20.219024293095053,45.72731948470217,23.159404569513214,False
heuristic,123,1,0,2,0,2,10.753063601842547,40.3453809631895,32.50600894338151,False
heuristic,123,2,0,2,0,2,0.0,30.36190365158331,36.809308534320834,False
heuristic,123,3,0,2,0,2,6.470316792618817,24.640699440603683,39.831364419494705,False
heuristic,123,4,0,2,0,2,20.219024293095053,45.72731948470217,23.159404569513214,False
heuristic,123,5,0,2,0,2,10.753063601842547,40.3453809631895,32.50600894338151,False
heuristic,124,0,0,2,0,2,20.219024293095053,45.72731948470217,23.159404569513214,False
heuristic,124,1,0,2,0,2,10.753063601842547,40.3453809631895,32.50600894338151,False
heuristic,124,2,0,2,0,2,0.0,30.36190365158331,36.809308534320834,False
heuristic,124,3,0,2,0,2,6.470316792618817,24.640699440603683,39.831364419494705,False
heuristic,124,4,0,2,0,2,20.219024293095053,45.72731948470217,23.159404569513214,False
heuristic,124,5,0,2,0,2,10.753063601842547,40.3453809631895,32.50600894338151,False
heuristic,125,0,0,2,0,2,20.219024293095053,45.72731948470217,23.159404569513214,False
heuristic,125,1,0,2,0,2,10.753063601842547,40.3453809631895,32.50600894338151,False
heuristic,125,2,0,2,0,2,0.0,30.36190365158331,36.809308534320834,False
heuristic,125,3,0,2,0,2,6.470316792618817,24.640699440603683,39.831364419494705,False
heuristic,125,4,0,2,0,2,20.219024293095053,45.72731948470217,23.159404569513214,False
heuristic,125,5,0,2,0,2,10.753063601842547,40.3453809631895,32.50600894338151,False
heuristic,126,0,0,2,0,2,20.219024293095053,45.72731948470217,23.159404569513214,False
heuristic,126,1,0,2,0,2,10.753063601842547,40.3453809631895,32.50600894338151,False
heuristic,126,2,0,2,0,2,0.0,30.36190365158331,36.809308534320834,False
heuristic,126,3,0,2,0,2,6.470316792618817,24.640699440603683,39.831364419494705,False
heuristic,126,4,0,2,0,2,20.219024293095053,45.72731948470217,23.159404569513214,False
heuristic,126,5,0,2,0,2,10.753063601842547,40.3453809631895,32.50600894338151,False
heuristic,127,0,0,2,0,2,20.219024293095053,45.72731948470217,23.159404569513214,False
heuristic,127,1,0,2,0,2,10.753063601842547,40.3453809631895,32.50600894338151,False
heuristic,127,2,0,2,0,2,0.0,30.36190365158331,36.809308534320834,False
heuristic,127,3,0,2,0,2,6.470316792618817,24.640699440603683,39.831364419494705,False
heuristic,127,4,0,2,0,2,20.219024293095053,45.72731948470217,23.159404569513214,False
heuristic,127,5,0,2,0,2,10.753063601842547,40.3453809631895,32.50600894338151,False
heuristic,128,0,0,2,0,2,20.219024293095053,45.72731948470217,23.159404569513214,False
heuristic,128,1,0,2,0,2,10.753063601842547,40.3453809631895,32.50600894338151,False
heuristic,128,2,0,2,0,2,0.0,30.36190365158331,36.809308534320834,False
heuristic,128,3,0,2,0,2,6.470316792618817,24.640699440603683,39.831364419494705,False
heuristic,128,4,0,2,0,2,20.219024293095053,45.72731948470217,23.159404569513214,False
heuristic,128,5,0,2,0,2,10.753063601842547,40.3453809631895,32.50600894338151,False
heuristic,129,0,0,2,0,2,20.219024293095053,45.72731948470217,23.159404569513214,False
heuristic,129,1,0,2,0,2,10.753063601842547,40.3453809631895,32.50600894338151,False
heuristic,129,2,0,2,0,2,0.0,30.36190365158331,36.809308534320834,False
heuristic,129,3,0,2,0,2,6.470316792618817,24.640699440603683,39.831364419494705,False
heuristic,129,4,0,2,0,2,20.219024293095053,45.72731948470217,23.159404569513214,False
heuristic,129,5,0,2,0,2,10.753063601842547,40.3453809631895,32.50600894338151,False
heuristic,130,0,0,2,0,2,20.219024293095053,45.72731948470217,23.159404569513214,False
heuristic,130,1,0,2,0,2,10.753063601842547,40.3453809631895,32.50600894338151,False
heuristic,130,2,0,2,0,2,0.0,30.36190365158331,36.809308534320834,False
heuristic,130,3,0,2,0,2,6.470316792618817,24.640699440603683,39.831364419494705,False
heuristic,130,4,0,2,0,2,20.219024293095053,45.72731948470217,23.159404569513214,False
heuristic,130,5,0,2,0,2,10.753063601842547,40.3453809631895,32.50600894338151,False
heuristic,131,0,0,2,0,2,20.219024293095053,45.72731948470217,23.159404569513214,False
heuristic,131,1,0,2,0,2,10.753063601842547,40.3453809631895,32.50600894338151,False
heuristic,131,2,0,2,0,2,0.0,30.36190365158331,36.809308534320834,False
heuristic,131,3,0,2,0,2,6.470316792618817,24.640699440603683,39.831364419494705,False
heuristic,131,4,0,2,0,2,20.219024293095053,45.72731948470217,23.159404569513214,False
heuristic,131,5,0,2,0,2,10.753063601842547,40.3453809631895,32.50600894338151,False
heuristic,132,0,0,2,0,2,20.219024293095053,45.72731948470217,23.159404569513214,False
heuristic,132,1,0,2,0,2,10.753063601842547,40.3453809631895,32.50600894338151,False
heuristic,132,2,0,2,0,2,0.0,30.36190365158331,36.809308534320834,False
heuristic,132,3,0,2,0,2,6.470316792618817,24.640699440603683,39.831364419494705,False
heuristic,132,4,0,2,0,2,20.219024293095053,45.72731948470217,23.159404569513214,False
heuristic,132,5,0,2,0,2,10.753063601842547,40.3453809631895,32.50600894338151,False
heuristic,133,0,0,2,0,2,20.219024293095053,45.72731948470217,23.159404569513214,False
heuristic,133,1,0,2,0,2,10.753063601842547,40.3453809631895,32.50600894338151,False
heuristic,133,2,0,2,0,2,0.0,30.36190365158331,36.809308534320834,False
heuristic,133,3,0,2,0,2,6.470316792618817,24.640699440603683,39.831364419494705,False
heuristic,133,4,0,2,0,2,20.219024293095053,45.72731948470217,23.159404569513214,False
heuristic,133,5,0,2,0,2,10.753063601842547,40.3453809631895,32.50600894338151,False
heuristic,134,0,0,2,0,2,20.219024293095053,45.72731948470217,23.159404569513214,False
heuristic,134,1,0,2,0,2,10.753063601842547,40.3453809631895,32.50600894338151,False
heuristic,134,2,0,2,0,2,0.0,30.36190365158331,36.809308534320834,False
heuristic,134,3,0,2,0,2,6.470316792618817,24.640699440603683,39.831364419494705,False
heuristic,134,4,0,2,0,2,20.219024293095053,45.72731948470217,23.159404569513214,False
heuristic,134,5,0,2,0,2,10.753063601842547,40.3453809631895,32.50600894338151,False
heuristic,135,0,0,2,0,2,20.219024293095053,45.72731948470217,23.159404569513214,False
heuristic,135,1,0,2,0,2,10.753063601842547,40.3453809631895,32.50600894338151,False
heuristic,135,2,0,2,0,2,0.0,30.36190365158331,36.809308534320834,False
heuristic,135,3,0,2,0,2,6.470316792618817,24.640699440603683,39.831364419494705,False
heuristic,135,4,0,2,0,2,20.219024293095053,45.72731948470217,23.159404569513214,False
heuristic,135,5,0,2,0,2,10.753063601842547,40.3453809631895,32.50600894338151,False
heuristic,136,0,0,2,0,2,20.219024293095053,45.72731948470217,23.159404569513214,False
heuristic,136,1,0,2,0,2,10.753063601842547,40.3453809631895,32.50600894338151,False
heuristic,136,2,0,2,0,2,0.0,30.36190365158331,36.809308534320834,False
heuristic,136,3,0,2,0,2,6.470316792618817,24.640699440603683,39.831364419494705,False
heuristic,136,4,0,2,0,2,20.219024293095053,45.72731948470217,23.159404569513214,False
heuristic,136,5,0,2,0,2,10.753063601842547,40.3453809631895,32.50600894338151,False
heuristic,137,0,0,2,0,2,20.219024293095053,45.72731948470217,23.159404569513214,False
heuristic,137,1,0,2,0,2,10.753063601842547,40.3453809631895,32.50600894338151,False
heuristic,137,2,0,2,0,2,0.0,30.36190365158331,36.809308534320834,False
heuristic,137,3,0,2,0,2,6.470316792618817,24.640699440603683,39.831364419494705,False
heuristic,137,4,0,2,0,2,20.219024293095053,45.72731948470217,23.159404569513214,False
heuristic,137,5,0,2,0,2,10.753063601842547,40.3453809631895,32.50600894338151,False
heuristic,138,0,0,2,0,2,20.219024293095053,45.72731948470217,23.159404569513214,False
heuristic,138,1,0,2,0,2,10.753063601842547,40.3453809631895,32.50600894338151,False
heuristic,138,2,0,2,0,2,0.0,30.36190365158331,36.809308534320834,False
heuristic,138,3,0,2,0,2,6.470316792618817,24.640699440603683,39.831364419494705,False
heuristic,138,4,0,2,0,2,20.219024293095053,45.72731948470217,23.159404569513214,False
heuristic,138,5,0,2,0,2,10.753063601842547,40.3453809631895,32.50600894338151,False
heuristic,139,0,0,2,0,2,20.219024293095053,45.72731948470217,23.159404569513214,False
heuristic,139,1,0,2,0,2,10.753063601842547,40.3453809631895,32.50600894338151,False
heuristic,139,2,0,2,0,2,0.0,30.36190365158331,36.809308534320834,False
heuristic,139,3,0,2,0,2,6.470316792618817,24.640699440603683,39.831364419494705,False
heuristic,139,4,0,2,0,2,20.219024293095053,45.72731948470217,23.159404569513214,False
heuristic,139,5,0,2,0,2,10.753063601842547,40.3453809631895,32.50600894338151,False
heuristic,140,0,0,2,0,2,20.219024293095053,45.72731948470217,23.159404569513214,False
heuristic,140,1,0,2,0,2,10.753063601842547,40.3453809631895,32.50600894338151,False
heuristic,140,2,0,2,0,2,0.0,30.36190365158331,36.809308534320834,False
heuristic,140,3,0,2,0,2,6.470316792618817,24.640699440603683,39.831364419494705,False
heuristic,140,4,0,2,0,2,20.219024293095053,45.72731948470217,23.159404569513214,False
heuristic,140,5,0,2,0,2,10.753063601842547,40.3453809631895,32.50600894338151,False
heuristic,141,0,0,2,0,2,20.219024293095053,45.72731948470217,23.159404569513214,False
heuristic,141,1,0,2,0,2,10.753063601842547,40.3453809631895,32.50600894338151,False
heuristic,141,2,0,2,0,2,0.0,30.36190365158331,36.809308534320834,False
heuristic,141,3,0,2,0,2,6.470316792618817,24.640699440603683,39.831364419494705,False
heuristic,141,4,0,2,0,2,20.219024293095053,45.72731948470217,23.159404569513214,False
heuristic,141,5,0,2,0,2,10.753063601842547,40.3453809631895,32.50600894338151,False
heuristic,142,0,0,2,0,2,20.219024293095053,45.72731948470217,23.159404569513214,False
heuristic,142,1,0,2,0,2,10.753063601842547,40.3453809631895,32.50600894338151,False
heuristic,142,2,0,2,0,2,0.0,30.36190365158331,36.809308534320834,False
heuristic,142,3,0,2,0,2,6.470316792618817,24.640699440603683,39.831364419494705,False
heuristic,142,4,0,2,0,2,20.219024293095053,45.72731948470217,23.159404569513214,False
heuristic,142,5,0,2,0,2,10.753063601842547,40.3453809631895,32.50600894338151,False
heuristic,143,0,0,2,0,2,20.219024293095053,45.72731948470217,23.159404569513214,False
heuristic,143,1,0,2,0,2,10.753063601842547,40.3453809631895,32.50600894338151,False
heuristic,143,2,0,2,0,2,0.0,30.36190365158331,36.809308534320834,False
heuristic,143,3,0,2,0,2,6.470316792618817,24.640699440603683,39.831364419494705,False
heuristic,143,4,0,2,0,2,20.219024293095053,45.72731948470217,23.159404569513214,False
heuristic,143,5,0,2,0,2,10.753063601842547,40.3453809631895,32.50600894338151,False
heuristic,144,0,0,2,0,2,20.219024293095053,45.72731948470217,23.159404569513214,False
heuristic,144,1,0,2,0,2,10.753063601842547,40.3453809631895,32.50600894338151,False
heuristic,144,2,0,2,0,2,0.0,30.36190365158331,36.809308534320834,False
heuristic,144,3,0,2,0,2,6.470316792618817,24.640699440603683,39.831364419494705,False
heuristic,144,4,0,2,0,2,20.219024293095053,45.72731948470217,23.159404569513214,False
heuristic,144,5,0,2,0,2,10.753063601842547,40.3453809631895,32.50600894338151,False
heuristic,145,0,0,2,0,2,20.219024293095053,45.72731948470217,23.159404569513214,False
heuristic,145,1,0,2,0,2,10.753063601842547,40.3453809631895,32.50600894338151,False
heuristic,145,2,0,2,0,2,0.0,30.36190365158331,36.809308534320834,False
heuristic,145,3,0,2,0,2,6.470316792618817,24.640699440603683,39.831364419494705,False
heuristic,145,4,0,2,0,2,20.219024293095053,45.72731948470217,23.159404569513214,False
heuristic,145,5,0,2,0,2,10.753063601842547,40.3453809631895,32.50600894338151,False
heuristic,146,0,0,2,0,2,20.219024293095053,45.72731948470217,23.159404569513214,False
heuristic,146,1,0,2,0,2,10.753063601842547,40.3453809631895,32.50600894338151,False
heuristic,146,2,0,2,0,2,0.0,30.36190365158331,36.809308534320834,False
heuristic,146,3,0,2,0,2,6.470316792618817,24.640699440603683,39.831364419494705,False
heuristic,146,4,0,2,0,2,20.219024293095053,45.72731948470217,23.159404569513214,False
heuristic,146,5,0,2,0,2,10.753063601842547,40.3453809631895,32.50600894338151,False
heuristic,147,0,0,2,0,2,20.219024293095053,45.72731948470217,23.159404569513214,False
heuristic,147,1,0,2,0,2,10.753063601842547,40.3453809631895,32.50600894338151,False
heuristic,147,2,0,2,0,2,0.0,30.36190365158331,36.809308534320834,False
heuristic,147,3,0,2,0,2,6.470316792618817,24.640699440603683,39.831364419494705,False
heuristic,147,4,0,2,0,2,20.219024293095053,45.72731948470217,23.159404569513214,False
heuristic,147,5,0,2,0,2,10.753063601842547,40.3453809631895,32.50600894338151,False
heuristic,148,0,0,2,0,2,20.219024293095053,45.72731948470217,23.159404569513214,False
heuristic,148,1,0,2,0,2,10.753063601842547,40.3453809631895,32.50600894338151,False
heuristic,148,2,0,2,0,2,0.0,30.36190365158331,36.809308534320834,False
heuristic,148,3,0,2,0,2,6.470316792618817,24.640699440603683,39.831364419494705,False
heuristic,148,4,0,2,0,2,20.219024293095053,45.72731948470217,23.159404569513214,False
heuristic,148,5,0,2,0,2,10.753063601842547,40.3453809631895,32.50600894338151,False
heuristic,149,0,0,2,0,2,20.219024293095053,45.72731948470217,23.159404569513214,False
heuristic,149,1,0,2,0,2,10.753063601842547,40.3453809631895,32.50600894338151,False
heuristic,149,2,0,2,0,2,0.0,30.36190365158331,36.809308534320834,False
heuristic,149,3,0,2,0,2,6.470316792618817,24.640699440603683,39.831364419494705,False
heuristic,149,4,0,2,0,2,20.219024293095053,45.72731948470217,23.159404569513214,False
heuristic,149,5,0,2,0,2,10.753063601842547,40.3453809631895,32.50600894338151,False
heuristic,150,0,0,2,0,2,20.219024293095053,45.72731948470217,23.159404569513214,False
heuristic,150,1,0,2,0,2,10.753063601842547,40.3453809631895,32.50600894338151,False
heuristic,150,2,0,2,0,2,0.0,30.36190365158331,36.809308534320834,False
heuristic,150,3,0,2,0,2,6.470316792618817,24.640699440603683,39.831364419494705,False
heuristic,150,4,0,2,0,2,20.219024293095053,45.72731948470217,23.159404569513214,False
heuristic,150,5,0,2,0,2,10.753063601842547,40.3453809631895,32.50600894338151,False
heuristic,151,0,0,2,0,2,20.219024293095053,45.72731948470217,23.159404569513214,False
heuristic,151,1,0,2,0,2,10.753063601842547,40.3453809631895,32.50600894338151,False
heuristic,151,2,0,2,0,2,0.0,30.36190365158331,36.809308534320834,False
heuristic,151,3,0,2,0,2,6.470316792618817,24.640699440603683,39.831364419494705,False
heuristic,151,4,0,2,0,2,20.219024293095053,45.72731948470217,23.159404569513214,False
heuristic,151,5,0,2,0,2,10.753063601842547,40.3453809631895,32.50600894338151,False
heuristic,152,0,0,2,0,2,20.219024293095053,45.72731948470217,23.159404569513214,False
heuristic,152,1,0,2,0,2,10.753063601842547,40.3453809631895,32.50600894338151,False
heuristic,152,2,0,2,0,2,0.0,30.36190365158331,36.809308534320834,False
heuristic,152,3,0,2,0,2,6.470316792618817,24.640699440603683,39.831364419494705,False
heuristic,152,4,0,2,0,2,20.219024293095053,45.72731948470217,23.159404569513214,False
heuristic,152,5,0,2,0,2,10.753063601842547,40.3453809631895,32.50600894338151,False
heuristic,153,0,0,2,0,2,20.219024293095053,45.72731948470217,23.159404569513214,False
heuristic,153,1,0,2,0,2,10.753063601842547,40.3453809631895,32.50600894338151,False
heuristic,153,2,0,2,0,2,0.0,30.36190365158331,36.809308534320834,False
heuristic,153,3,0,2,0,2,6.470316792618817,24.640699440603683,39.831364419494705,False
heuristic,153,4,0,2,0,2,20.219024293095053,45.72731948470217,23.159404569513214,False
heuristic,153,5,0,2,0,2,10.753063601842547,40.3453809631895,32.50600894338151,False
heuristic,154,0,0,2,0,2,20.219024293095053,45.72731948470217,23.159404569513214,False
heuristic,154,1,0,2,0,2,10.753063601842547,40.3453809631895,32.50600894338151,False
heuristic,154,2,0,2,0,2,0.0,30.36190365158331,36.809308534320834,False
heuristic,154,3,0,2,0,2,6.470316792618817,24.640699440603683,39.831364419494705,False
heuristic,154,4,0,2,0,2,20.219024293095053,45.72731948470217,23.159404569513214,False
heuristic,154,5,0,2,0,2,10.753063601842547,40.3453809631895,32.50600894338151,False
heuristic,155,0,0,2,0,2,20.219024293095053,45.72731948470217,23.159404569513214,False
heuristic,155,1,0,2,0,2,10.753063601842547,40.3453809631895,32.50600894338151,False
heuristic,155,2,0,2,0,2,0.0,30.36190365158331,36.809308534320834,False
heuristic,155,3,0,2,0,2,6.470316792618817,24.640699440603683,39.831364419494705,False
heuristic,155,4,0,2,0,2,20.219024293095053,45.72731948470217,23.159404569513214,False
heuristic,155,5,0,2,0,2,10.753063601842547,40.3453809631895,32.50600894338151,False
heuristic,156,0,0,2,0,2,20.219024293095053,45.72731948470217,23.159404569513214,False
heuristic,156,1,0,2,0,2,10.753063601842547,40.3453809631895,32.50600894338151,False
heuristic,156,2,0,2,0,2,0.0,30.36190365158331,36.809308534320834,False
heuristic,156,3,0,2,0,2,6.470316792618817,24.640699440603683,39.831364419494705,False
heuristic,156,4,0,2,0,2,20.219024293095053,45.72731948470217,23.159404569513214,False
heuristic,156,5,0,2,0,2,10.753063601842547,40.3453809631895,32.50600894338151,False
heuristic,157,0,0,2,0,2,20.219024293095053,45.72731948470217,23.159404569513214,False
heuristic,157,1,0,2,0,2,10.753063601842547,40.3453809631895,32.50600894338151,False
heuristic,157,2,0,2,0,2,0.0,30.36190365158331,36.809308534320834,False
heuristic,157,3,0,2,0,2,6.470316792618817,24.640699440603683,39.831364419494705,False
heuristic,157,4,0,2,0,2,20.219024293095053,45.72731948470217,23.159404569513214,False
heuristic,157,5,0,2,0,2,10.753063601842547,40.3453809631895,32.50600894338151,False
heuristic,158,0,0,2,0,2,20.219024293095053,45.72731948470217,23.159404569513214,False
heuristic,158,1,0,2,0,2,10.753063601842547,40.3453809631895,32.50600894338151,False
heuristic,158,2,0,2,0,2,0.0,30.36190365158331,36.809308534320834,False
heuristic,158,3,0,2,0,2,6.470316792618817,24.640699440603683,39.831364419494705,False
heuristic,158,4,0,2,0,2,20.219024293095053,45.72731948470217,23.159404569513214,False
heuristic,158,5,0,2,0,2,10.753063601842547,40.3453809631895,32.50600894338151,False
heuristic,159,0,0,2,0,2,20.219024293095053,45.72731948470217,23.159404569513214,False
heuristic,159,1,0,2,0,2,10.753063601842547,40.3453809631895,32.50600894338151,False
heuristic,159,2,0,2,0,2,0.0,30.36190365158331,36.809308534320834,False
heuristic,159,3,0,2,0,2,6.470316792618817,24.640699440603683,39.831364419494705,False
heuristic,159,4,0,2,0,2,20.219024293095053,45.72731948470217,23.159404569513214,False
heuristic,159,5,0,2,0,2,10.753063601842547,40.3453809631895,32.50600894338151,False
heuristic,160,0,0,2,0,2,20.219024293095053,45.72731948470217,23.159404569513214,False
heuristic,160,1,0,2,0,2,10.753063601842547,40.3453809631895,32.50600894338151,False
heuristic,160,2,0,2,0,2,0.0,30.36190365158331,36.809308534320834,False
heuristic,160,3,0,2,0,2,6.470316792618817,24.640699440603683,39.831364419494705,False
heuristic,160,4,0,2,0,2,20.219024293095053,45.72731948470217,23.159404569513214,False
heuristic,160,5,0,2,0,2,10.753063601842547,40.3453809631895,32.50600894338151,False
heuristic,161,0,0,2,0,2,20.219024293095053,45.72731948470217,23.159404569513214,False
heuristic,161,1,0,2,0,2,10.753063601842547,40.3453809631895,32.50600894338151,False
heuristic,161,2,0,2,0,2,0.0,30.36190365158331,36.809308534320834,False
heuristic,161,3,0,2,0,2,6.470316792618817,24.640699440603683,39.831364419494705,False
heuristic,161,4,0,2,0,2,20.219024293095053,45.72731948470217,23.159404569513214,False
heuristic,161,5,0,2,0,2,10.753063601842547,40.3453809631895,32.50600894338151,False
heuristic,162,0,0,2,0,2,20.219024293095053,45.72731948470217,23.159404569513214,False
heuristic,162,1,0,2,0,2,10.753063601842547,40.3453809631895,32.50600894338151,False
heuristic,162,2,0,2,0,2,0.0,30.36190365158331,36.809308534320834,False
heuristic,162,3,0,2,0,2,6.470316792618817,24.640699440603683,39.831364419494705,False
heuristic,162,4,0,2,0,2,20.219024293095053,45.72731948470217,23.159404569513214,False
heuristic,162,5,0,2,0,2,10.753063601842547,40.3453809631895,32.50600894338151,False
heuristic,163,0,0,2,0,2,20.219024293095053,45.72731948470217,23.159404569513214,False
heuristic,163,1,0,2,0,2,10.753063601842547,40.3453809631895,32.50600894338151,False
heuristic,163,2,0,2,0,2,0.0,30.36190365158331,36.809308534320834,False
heuristic,163,3,0,2,0,2,6.470316792618817,24.640699440603683,39.831364419494705,False
heuristic,163,4,0,2,0,2,20.219024293095053,45.72731948470217,23.159404569513214,False
heuristic,163,5,0,2,0,2,10.753063601842547,40.3453809631895,32.50600894338151,False
heuristic,164,0,0,2,0,2,20.219024293095053,45.72731948470217,23.159404569513214,False
heuristic,164,1,0,2,0,2,10.753063601842547,40.3453809631895,32.50600894338151,False
heuristic,164,2,0,2,0,2,0.0,30.36190365158331,36.809308534320834,False
heuristic,164,3,0,2,0,2,6.470316792618817,24.640699440603683,39.831364419494705,False
heuristic,164,4,0,2,0,2,20.219024293095053,45.72731948470217,23.159404569513214,False
heuristic,164,5,0,2,0,2,10.753063601842547,40.3453809631895,32.50600894338151,False
heuristic,165,0,0,2,0,2,20.219024293095053,45.72731948470217,23.159404569513214,False
heuristic,165,1,0,2,0,2,10.753063601842547,40.3453809631895,32.50600894338151,False
heuristic,165,2,0,2,0,2,0.0,30.36190365158331,36.809308534320834,False
heuristic,165,3,0,2,0,2,6.470316792618817,24.640699440603683,39.831364419494705,False
heuristic,165,4,0,2,0,2,20.219024293095053,45.72731948470217,23.159404569513214,False
heuristic,165,5,0,2,0,2,10.753063601842547,40.3453809631895,32.50600894338151,False
heuristic,166,0,0,2,0,2,20.219024293095053,45.72731948470217,23.159404569513214,False
heuristic,166,1,0,2,0,2,10.753063601842547,40.3453809631895,32.50600894338151,False
heuristic,166,2,0,2,0,2,0.0,30.36190365158331,36.809308534320834,False
heuristic,166,3,0,2,0,2,6.470316792618817,24.640699440603683,39.831364419494705,False
heuristic,166,4,0,2,0,2,20.219024293095053,45.72731948470217,23.159404569513214,False
heuristic,166,5,0,2,0,2,10.753063601842547,40.3453809631895,32.50600894338151,False
heuristic,167,0,0,2,0,2,20.219024293095053,45.72731948470217,23.159404569513214,False
heuristic,167,1,0,2,0,2,10.753063601842547,40.3453809631895,32.50600894338151,False
heuristic,167,2,0,2,0,2,0.0,30.36190365158331,36.809308534320834,False
heuristic,167,3,0,2,0,2,6.470316792618817,24.640699440603683,39.831364419494705,False
heuristic,167,4,0,2,0,2,20.219024293095053,45.72731948470217,23.159404569513214,False
heuristic,167,5,0,2,0,2,10.753063601842547,40.3453809631895,32.50600894338151,False
heuristic,168,0,0,2,0,2,20.219024293095053,45.72731948470217,23.159404569513214,False
heuristic,168,1,0,2,0,2,10.753063601842547,40.3453809631895,32.50600894338151,False
heuristic,168,2,0,2,0,2,0.0,30.36190365158331,36.809308534320834,False
heuristic,168,3,0,2,0,2,6.470316792618817,24.640699440603683,39.831364419494705,False
heuristic,168,4,0,2,0,2,20.219024293095053,45.72731948470217,23.159404569513214,False
heuristic,168,5,0,2,0,2,10.753063601842547,40.3453809631895,32.50600894338151,False
heuristic,169,0,0,2,0,2,20.219024293095053,45.72731948470217,23.159404569513214,False
heuristic,169,1,0,2,0,2,10.753063601842547,40.3453809631895,32.50600894338151,False
heuristic,169,2,0,2,0,2,0.0,30.36190365158331,36.809308534320834,False
heuristic,169,3,0,2,0,2,6.470316792618817,24.640699440603683,39.831364419494705,False
heuristic,169,4,0,2,0,2,20.219024293095053,45.72731948470217,23.159404569513214,False
heuristic,169,5,0,2,0,2,10.753063601842547,40.3453809631895,32.50600894338151,False
heuristic,170,0,0,2,0,2,20.219024293095053,45.72731948470217,23.159404569513214,False
heuristic,170,1,0,2,0,2,10.753063601842547,40.3453809631895,32.50600894338151,False
heuristic,170,2,0,2,0,2,0.0,30.36190365158331,36.809308534320834,False
heuristic,170,3,0,2,0,2,6.470316792618817,24.640699440603683,39.831364419494705,False
heuristic,170,4,0,2,0,2,20.219024293095053,45.72731948470217,23.159404569513214,False
heuristic,170,5,0,2,0,2,10.753063601842547,40.3453809631895,32.50600894338151,False
heuristic,171,0,0,2,0,2,20.219024293095053,45.72731948470217,23.159404569513214,False
heuristic,171,1,0,2,0,2,10.753063601842547,40.3453809631895,32.50600894338151,False
heuristic,171,2,0,2,0,2,0.0,30.36190365158331,36.809308534320834,False
heuristic,171,3,0,2,0,2,6.470316792618817,24.640699440603683,39.831364419494705,False
heuristic,171,4,0,2,0,2,20.219024293095053,45.72731948470217,23.159404569513214,False
heuristic,171,5,0,2,0,2,10.753063601842547,40.3453809631895,32.50600894338151,False
heuristic,172,0,0,2,0,2,20.219024293095053,45.72731948470217,23.159404569513214,False
heuristic,172,1,0,2,0,2,10.753063601842547,40.3453809631895,32.50600894338151,False
heuristic,172,2,0,2,0,2,0.0,30.36190365158331,36.809308534320834,False
heuristic,172,3,0,2,0,2,6.470316792618817,24.640699440603683,39.831364419494705,False
heuristic,172,4,0,2,0,2,20.219024293095053,45.72731948470217,23.159404569513214,False
heuristic,172,5,0,2,0,2,10.753063601842547,40.3453809631895,32.50600894338151,False
heuristic,173,0,0,2,0,2,20.219024293095053,45.72731948470217,23.159404569513214,False
heuristic,173,1,0,2,0,2,10.753063601842547,40.3453809631895,32.50600894338151,False
heuristic,173,2,0,2,0,2,0.0,30.36190365158331,36.809308534320834,False
heuristic,173,3,0,2,0,2,6.470316792618817,24.640699440603683,39.831364419494705,False
heuristic,173,4,0,2,0,2,20.219024293095053,45.72731948470217,23.159404569513214,False
heuristic,173,5,0,2,0,2,10.753063601842547,40.3453809631895,32.50600894338151,False
heuristic,174,0,0,2,0,2,20.219024293095053,45.72731948470217,23.159404569513214,False
heuristic,174,1,0,2,0,2,10.753063601842547,40.3453809631895,32.50600894338151,False
heuristic,174,2,0,2,0,2,0.0,30.36190365158331,36.809308534320834,False
heuristic,174,3,0,2,0,2,6.470316792618817,24.640699440603683,39.831364419494705,False
heuristic,174,4,0,2,0,2,20.219024293095053,45.72731948470217,23.159404569513214,False
heuristic,174,5,0,2,0,2,10.753063601842547,40.3453809631895,32.50600894338151,False
heuristic,175,0,0,2,0,2,20.219024293095053,45.72731948470217,23.159404569513214,False
heuristic,175,1,0,2,0,2,10.753063601842547,40.3453809631895,32.50600894338151,False
heuristic,175,2,0,2,0,2,0.0,30.36190365158331,36.809308534320834,False
heuristic,175,3,0,2,0,2,6.470316792618817,24.640699440603683,39.831364419494705,False
heuristic,175,4,0,2,0,2,20.219024293095053,45.72731948470217,23.159404569513214,False
heuristic,175,5,0,2,0,2,10.753063601842547,40.3453809631895,32.50600894338151,False
heuristic,176,0,0,2,0,2,20.219024293095053,45.72731948470217,23.159404569513214,False
heuristic,176,1,0,2,0,2,10.753063601842547,40.3453809631895,32.50600894338151,False
heuristic,176,2,0,2,0,2,0.0,30.36190365158331,36.809308534320834,False
heuristic,176,3,0,2,0,2,6.470316792618817,24.640699440603683,39.831364419494705,False
heuristic,176,4,0,2,0,2,20.219024293095053,45.72731948470217,23.159404569513214,False
heuristic,176,5,0,2,0,2,10.753063601842547,40.3453809631895,32.50600894338151,False
heuristic,177,0,0,2,0,2,20.219024293095053,45.72731948470217,23.159404569513214,False
heuristic,177,1,0,2,0,2,10.753063601842547,40.3453809631895,32.50600894338151,False
heuristic,177,2,0,2,0,2,0.0,30.36190365158331,36.809308534320834,False
heuristic,177,3,0,2,0,2,6.470316792618817,24.640699440603683,39.831364419494705,False
heuristic,177,4,0,2,0,2,20.219024293095053,45.72731948470217,23.159404569513214,False
heuristic,177,5,0,2,0,2,10.753063601842547,40.3453809631895,32.50600894338151,False
heuristic,178,0,0,2,0,2,20.219024293095053,45.72731948470217,23.159404569513214,False
heuristic,178,1,0,2,0,2,10.753063601842547,40.3453809631895,32.50600894338151,False
heuristic,178,2,0,2,0,2,0.0,30.36190365158331,36.809308534320834,False
heuristic,178,3,0,2,0,2,6.470316792618817,24.640699440603683,39.831364419494705,False
heuristic,178,4,0,2,0,2,20.219024293095053,45.72731948470217,23.159404569513214,False
heuristic,178,5,0,2,0,2,10.753063601842547,40.3453809631895,32.50600894338151,False
heuristic,179,0,0,2,0,2,20.219024293095053,45.72731948470217,23.159404569513214,False
heuristic,179,1,0,2,0,2,10.753063601842547,40.3453809631895,32.50600894338151,False
heuristic,179,2,0,2,0,2,0.0,30.36190365158331,36.809308534320834,False
heuristic,179,3,0,2,0,2,6.470316792618817,24.640699440603683,39.831364419494705,False
heuristic,179,4,0,2,0,2,20.219024293095053,45.72731948470217,23.159404569513214,False
heuristic,179,5,0,2,0,2,10.753063601842547,40.3453809631895,32.50600894338151,False
heuristic,180,0,0,2,0,2,20.219024293095053,45.72731948470217,23.159404569513214,False
heuristic,180,1,0,2,0,2,10.753063601842547,40.3453809631895,32.50600894338151,False
heuristic,180,2,0,2,0,2,0.0,30.36190365158331,36.809308534320834,False
heuristic,180,3,0,2,0,2,6.470316792618817,24.640699440603683,39.831364419494705,False
heuristic,180,4,0,2,0,2,20.219024293095053,45.72731948470217,23.159404569513214,False
heuristic,180,5,0,2,0,2,10.753063601842547,40.3453809631895,32.50600894338151,False
heuristic,181,0,0,2,0,2,20.219024293095053,45.72731948470217,23.159404569513214,False
heuristic,181,1,0,2,0,2,10.753063601842547,40.3453809631895,32.50600894338151,False
heuristic,181,2,0,2,0,2,0.0,30.36190365158331,36.809308534320834,False
heuristic,181,3,0,2,0,2,6.470316792618817,24.640699440603683,39.831364419494705,False
heuristic,181,4,0,2,0,2,20.219024293095053,45.72731948470217,23.159404569513214,False
heuristic,181,5,0,2,0,2,10.753063601842547,40.3453809631895,32.50600894338151,False
heuristic,182,0,0,2,0,2,20.219024293095053,45.72731948470217,23.159404569513214,False
heuristic,182,1,0,2,0,2,10.753063601842547,40.3453809631895,32.50600894338151,False
heuristic,182,2,0,2,0,2,0.0,30.36190365158331,36.809308534320834,False
heuristic,182,3,0,2,0,2,6.470316792618817,24.640699440603683,39.831364419494705,False
heuristic,182,4,0,2,0,2,20.219024293095053,45.72731948470217,23.159404569513214,False
heuristic,182,5,0,2,0,2,10.753063601842547,40.3453809631895,32.50600894338151,False
heuristic,183,0,0,2,0,2,20.219024293095053,45.72731948470217,23.159404569513214,False
heuristic,183,1,0,2,0,2,10.753063601842547,40.3453809631895,32.50600894338151,False
heuristic,183,2,0,2,0,2,0.0,30.36190365158331,36.809308534320834,False
heuristic,183,3,0,2,0,2,6.470316792618817,24.640699440603683,39.831364419494705,False
heuristic,183,4,0,2,0,2,20.219024293095053,45.72731948470217,23.159404569513214,False
heuristic,183,5,0,2,0,2,10.753063601842547,40.3453809631895,32.50600894338151,False
heuristic,184,0,0,2,0,2,20.219024293095053,45.72731948470217,23.159404569513214,False
heuristic,184,1,0,2,0,2,10.753063601842547,40.3453809631895,32.50600894338151,False
heuristic,184,2,0,2,0,2,0.0,30.36190365158331,36.809308534320834,False
heuristic,184,3,0,2,0,2,6.470316792618817,24.640699440603683,39.831364419494705,False
heuristic,184,4,0,2,0,2,20.219024293095053,45.72731948470217,23.159404569513214,False
heuristic,184,5,0,2,0,2,10.753063601842547,40.3453809631895,32.50600894338151,False
heuristic,185,0,0,2,0,2,20.219024293095053,45.72731948470217,23.159404569513214,False
heuristic,185,1,0,2,0,2,10.753063601842547,40.3453809631895,32.50600894338151,False
heuristic,185,2,0,2,0,2,0.0,30.36190365158331,36.809308534320834,False
heuristic,185,3,0,2,0,2,6.470316792618817,24.640699440603683,39.831364419494705,False
heuristic,185,4,0,2,0,2,20.219024293095053,45.72731948470217,23.159404569513214,False
heuristic,185,5,0,2,0,2,10.753063601842547,40.3453809631895,32.50600894338151,False
heuristic,186,0,0,2,0,2,20.219024293095053,45.72731948470217,23.159404569513214,False
heuristic,186,1,0,2,0,2,10.753063601842547,40.3453809631895,32.50600894338151,False
heuristic,186,2,0,2,0,2,0.0,30.36190365158331,36.809308534320834,False
heuristic,186,3,0,2,0,2,6.470316792618817,24.640699440603683,39.831364419494705,False
heuristic,186,4,0,2,0,2,20.219024293095053,45.72731948470217,23.159404569513214,False
heuristic,186,5,0,2,0,2,10.753063601842547,40.3453809631895,32.50600894338151,False
heuristic,187,0,0,2,0,2,20.219024293095053,45.72731948470217,23.159404569513214,False
heuristic,187,1,0,2,0,2,10.753063601842547,40.3453809631895,32.50600894338151,False
heuristic,187,2,0,2,0,2,0.0,30.36190365158331,36.809308534320834,False
heuristic,187,3,0,2,0,2,6.470316792618817,24.640699440603683,39.831364419494705,False
heuristic,187,4,0,2,0,2,20.219024293095053,45.72731948470217,23.159404569513214,False
heuristic,187,5,0,2,0,2,10.753063601842547,40.3453809631895,32.50600894338151,False
heuristic,188,0,0,2,0,2,20.219024293095053,45.72731948470217,23.159404569513214,False
heuristic,188,1,0,2,0,2,10.753063601842547,40.3453809631895,32.50600894338151,False
heuristic,188,2,0,2,0,2,0.0,30.36190365158331,36.809308534320834,False
heuristic,188,3,0,2,0,2,6.470316792618817,24.640699440603683,39.831364419494705,False
heuristic,188,4,0,2,0,2,20.219024293095053,45.72731948470217,23.159404569513214,False
heuristic,188,5,0,2,0,2,10.753063601842547,40.3453809631895,32.50600894338151,False
heuristic,189,0,0,2,0,2,20.219024293095053,45.72731948470217,23.159404569513214,False
heuristic,189,1,0,2,0,2,10.753063601842547,40.3453809631895,32.50600894338151,False
heuristic,189,2,0,2,0,2,0.0,30.36190365158331,36.809308534320834,False
heuristic,189,3,0,2,0,2,6.470316792618817,24.640699440603683,39.831364419494705,False
heuristic,189,4,0,2,0,2,20.219024293095053,45.72731948470217,23.159404569513214,False
heuristic,189,5,0,2,0,2,10.753063601842547,40.3453809631895,32.50600894338151,False
heuristic,190,0,0,2,0,2,20.219024293095053,45.72731948470217,23.159404569513214,False
heuristic,190,1,0,2,0,2,10.753063601842547,40.3453809631895,32.50600894338151,False
heuristic,190,2,0,2,0,2,0.0,30.36190365158331,36.809308534320834,False
heuristic,190,3,0,2,0,2,6.470316792618817,24.640699440603683,39.831364419494705,False
heuristic,190,4,0,2,0,2,20.219024293095053,45.72731948470217,23.159404569513214,False
heuristic,190,5,0,2,0,2,10.753063601842547,40.3453809631895,32.50600894338151,False
heuristic,191,0,0,2,0,2,20.219024293095053,45.72731948470217,23.159404569513214,False
heuristic,191,1,0,2,0,2,10.753063601842547,40.3453809631895,32.50600894338151,False
heuristic,191,2,0,2,0,2,0.0,30.36190365158331,36.809308534320834,False
heuristic,191,3,0,2,0,2,6.470316792618817,24.640699440603683,39.831364419494705,False
heuristic,191,4,0,2,0,2,20.219024293095053,45.72731948470217,23.159404569513214,False
heuristic,191,5,0,2,0,2,10.753063601842547,40.3453809631895,32.50600894338151,False
heuristic,192,0,0,2,0,2,20.219024293095053,45.72731948470217,23.159404569513214,False
heuristic,192,1,0,2,0,2,10.753063601842547,40.3453809631895,32.50600894338151,False
heuristic,192,2,0,2,0,2,0.0,30.36190365158331,36.809308534320834,False
heuristic,192,3,0,2,0,2,6.470316792618817,24.640699440603683,39.831364419494705,False
heuristic,192,4,0,2,0,2,20.219024293095053,45.72731948470217,23.159404569513214,False
heuristic,192,5,0,2,0,2,10.753063601842547,40.3453809631895,32.50600894338151,False
heuristic,193,0,0,2,0,2,20.219024293095053,45.72731948470217,23.159404569513214,False
heuristic,193,1,0,2,0,2,10.753063601842547,40.3453809631895,32.50600894338151,False
heuristic,193,2,0,2,0,2,0.0,30.36190365158331,36.809308534320834,False
heuristic,193,3,0,2,0,2,6.470316792618817,24.640699440603683,39.831364419494705,False
heuristic,193,4,0,2,0,2,20.219024293095053,45.72731948470217,23.159404569513214,False
heuristic,193,5,0,2,0,2,10.753063601842547,40.3453809631895,32.50600894338151,False
heuristic,194,0,0,2,0,2,20.219024293095053,45.72731948470217,23.159404569513214,False
heuristic,194,1,0,2,0,2,10.753063601842547,40.3453809631895,32.50600894338151,False
heuristic,194,2,0,2,0,2,0.0,30.36190365158331,36.809308534320834,False
heuristic,194,3,0,2,0,2,6.470316792618817,24.640699440603683,39.831364419494705,False
heuristic,194,4,0,2,0,2,20.219024293095053,45.72731948470217,23.159404569513214,False
heuristic,194,5,0,2,0,2,10.753063601842547,40.3453809631895,32.50600894338151,False
heuristic,195,0,0,2,0,2,20.219024293095053,45.72731948470217,23.159404569513214,False
heuristic,195,1,0,2,0,2,10.753063601842547,40.3453809631895,32.50600894338151,False
heuristic,195,2,0,2,0,2,0.0,30.36190365158331,36.809308534320834,False
heuristic,195,3,0,2,0,2,6.470316792618817,24.640699440603683,39.831364419494705,False
heuristic,195,4,0,2,0,2,20.219024293095053,45.72731948470217,23.159404569513214,False
heuristic,195,5,0,2,0,2,10.753063601842547,40.3453809631895,32.50600894338151,False
heuristic,196,0,0,2,0,2,20.219024293095053,45.72731948470217,23.159404569513214,False
heuristic,196,1,0,2,0,2,10.753063601842547,40.3453809631895,32.50600894338151,False
heuristic,196,2,0,2,0,2,0.0,30.36190365158331,36.809308534320834,False
heuristic,196,3,0,2,0,2,6.470316792618817,24.640699440603683,39.831364419494705,False
heuristic,196,4,0,2,0,2,20.219024293095053,45.72731948470217,23.159404569513214,False
heuristic,196,5,0,2,0,2,10.753063601842547,40.3453809631895,32.50600894338151,False
heuristic,197,0,0,2,0,2,20.219024293095053,45.72731948470217,23.159404569513214,False
heuristic,197,1,0,2,0,2,10.753063601842547,40.3453809631895,32.50600894338151,False
heuristic,197,2,0,2,0,2,0.0,30.36190365158331,36.809308534320834,False
heuristic,197,3,0,2,0,2,6.470316792618817,24.640699440603683,39.831364419494705,False
heuristic,197,4,0,2,0,2,20.219024293095053,45.72731948470217,23.159404569513214,False
heuristic,197,5,0,2,0,2,10.753063601842547,40.3453809631895,32.50600894338151,False
heuristic,198,0,0,2,0,2,20.219024293095053,45.72731948470217,23.159404569513214,False
heuristic,198,1,0,2,0,2,10.753063601842547,40.3453809631895,32.50600894338151,False
heuristic,198,2,0,2,0,2,0.0,30.36190365158331,36.809308534320834,False
heuristic,198,3,0,2,0,2,6.470316792618817,24.640699440603683,39.831364419494705,False
heuristic,198,4,0,2,0,2,20.219024293095053,45.72731948470217,23.159404569513214,False
heuristic,198,5,0,2,0,2,10.753063601842547,40.3453809631895,32.50600894338151,False
heuristic,199,0,0,2,0,2,20.219024293095053,45.72731948470217,23.159404569513214,False
heuristic,199,1,0,2,0,2,10.753063601842547,40.3453809631895,32.50600894338151,False
heuristic,199,2,0,2,0,2,0.0,30.36190365158331,36.809308534320834,False
heuristic,199,3,0,2,0,2,6.470316792618817,24.640699440603683,39.831364419494705,False
heuristic,199,4,0,2,0,2,20.219024293095053,45.72731948470217,23.159404569513214,False
heuristic,199,5,0,2,0,2,10.753063601842547,40.3453809631895,32.50600894338151,False
